temperature,ABC123,1,0,Farenheit,Celsius,GradeTypes.INCORRECT,2023-10-01 04:00 PM,8af655cf-1177-44a4-a46e-bab7f400da8b
temperature,ABC123,1.2,1.2,Farenheit,Celsius,GradeTypes.CORRECT,2023-10-01 04:00 PM,b03dabf1-a2aa-422e-a4dd-ee833111fe8a
temperature,ABC123,1.2,1.1,Farenheit,Celsius,GradeTypes.INCORRECT,2023-10-01 04:00 PM,5f40f590-6ed6-48e5-a614-7764cc418a8f
temperature,ABC123,1.256,1.278,Farenheit,Celsius,GradeTypes.CORRECT,2023-10-01 04:00 PM,a62e1071-90ef-48e4-85e7-bc7b0973cb74
temperature,ABC123,1.256,1.1222,Farenheit,Celsius,GradeTypes.INCORRECT,2023-10-01 04:00 PM,41f8f06c-c857-4773-8fc5-e9a7360b6f4c
temperature,ABC123,-1.2,-1.2,Farenheit,Celsius,GradeTypes.CORRECT,2023-10-01 04:00 PM,a493bec6-df86-4ff4-a50d-647fe390b257
temperature,ABC123,-1.2,-1.1,Farenheit,Celsius,GradeTypes.INCORRECT,2023-10-01 04:00 PM,9a8dcaa4-77d3-44ba-875c-886b342a85ba
temperature,ABC123,-1.256,-1.278,Farenheit,Celsius,GradeTypes.CORRECT,2023-10-01 04:00 PM,90be8a80-1daa-474f-b118-c664c8affa70
temperature,ABC123,-1.256,-1.1222,Farenheit,Celsius,GradeTypes.INCORRECT,2023-10-01 04:00 PM,c38570e5-dc14-4291-908d-a78552ee43d3
temperature,ABC123,1.2,1.2,Farenheit,dog,GradeTypes.INVALID,2023-10-01 04:00 PM,b02f12a2-5959-4f18-a74f-e66d62152e8d
temperature,ABC123,1.2,1.2,dog,Celsius,GradeTypes.INVALID,2023-10-01 04:00 PM,537def33-af99-472f-a1d9-861645cbe382
temperature,ABC123,1,0,Farenheit,Celsius,GradeTypes.INCORRECT,2023-10-01 04:00 PM,9bce1840-e715-4f75-99ac-63fce1149abe
temperature,ABC123,1.2,1.2,Farenheit,Celsius,GradeTypes.CORRECT,2023-10-01 04:00 PM,e67b5c5b-7dc5-407f-ae99-5049774c7bc6
temperature,ABC123,1.2,1.1,Farenheit,Celsius,GradeTypes.INCORRECT,2023-10-01 04:00 PM,ee138c58-0fd8-454d-a818-851eb1ad05bf
temperature,ABC123,1.256,1.278,Farenheit,Celsius,GradeTypes.CORRECT,2023-10-01 04:00 PM,217b49d2-689b-430a-b127-77036c55df20
temperature,ABC123,1.256,1.1222,Farenheit,Celsius,GradeTypes.INCORRECT,2023-10-01 04:00 PM,196a79b9-55bd-4cf0-ad99-d62aad12f444
temperature,ABC123,-1.2,-1.2,Farenheit,Celsius,GradeTypes.CORRECT,2023-10-01 04:00 PM,e31675da-c6d7-4ad5-b30d-1c00f19eae4a
temperature,ABC123,-1.2,-1.1,Farenheit,Celsius,GradeTypes.INCORRECT,2023-10-01 04:00 PM,1aaaf6b8-5db2-48ba-9639-f5891673659c
temperature,ABC123,-1.256,-1.278,Farenheit,Celsius,GradeTypes.CORRECT,2023-10-01 04:00 PM,de42aeb4-5900-405e-80ed-51fe845754df
temperature,ABC123,-1.256,-1.1222,Farenheit,Celsius,GradeTypes.INCORRECT,2023-10-01 04:00 PM,409424af-637e-411f-a648-bf43ed37b874
temperature,ABC123,1.2,1.2,Farenheit,dog,GradeTypes.INVALID,2023-10-01 04:00 PM,1358618d-a53e-444e-8e93-e0ad6cb36774
temperature,ABC123,1.2,1.2,dog,Celsius,GradeTypes.INVALID,2023-10-01 04:00 PM,bcbb1596-173c-41c9-839e-b8be7a082421
temperature,ABC123,1,0,Farenheit,Celsius,GradeTypes.INCORRECT,2023-10-01 04:00 PM,2e98ec3c-4ed5-4d17-be94-4d4255f086b7
temperature,ABC123,1.2,1.2,Farenheit,Celsius,GradeTypes.CORRECT,2023-10-01 04:00 PM,ef21116e-75a0-43e9-9b84-35600e90b3ff
temperature,ABC123,1.2,1.1,Farenheit,Celsius,GradeTypes.INCORRECT,2023-10-01 04:00 PM,8cc72fab-c746-4c70-a609-658d8eadcdfb
temperature,ABC123,1.256,1.278,Farenheit,Celsius,GradeTypes.CORRECT,2023-10-01 04:00 PM,8ad7bbd6-6ba1-49ad-a87b-47c1747deb31
temperature,ABC123,1.256,1.1222,Farenheit,Celsius,GradeTypes.INCORRECT,2023-10-01 04:00 PM,0d5eb6d6-8157-4cb5-9bda-de154103e898
temperature,ABC123,-1.2,-1.2,Farenheit,Celsius,GradeTypes.CORRECT,2023-10-01 04:00 PM,a1363e45-e13f-4b3a-aed3-8718c2977976
temperature,ABC123,-1.2,-1.1,Farenheit,Celsius,GradeTypes.INCORRECT,2023-10-01 04:00 PM,42aef3a1-c171-4483-96d3-1f6ee276dd90
temperature,ABC123,-1.256,-1.278,Farenheit,Celsius,GradeTypes.CORRECT,2023-10-01 04:00 PM,91b3ab75-c8a1-4fb0-a414-b7e4f3a7c23e
temperature,ABC123,-1.256,-1.1222,Farenheit,Celsius,GradeTypes.INCORRECT,2023-10-01 04:00 PM,e1f9d862-5acb-4d96-91c7-fd8b87ef0621
temperature,ABC123,1.2,1.2,Farenheit,dog,GradeTypes.INVALID,2023-10-01 04:00 PM,b12f826b-62a9-4486-8d48-912b17db2d4a
temperature,ABC123,1.2,1.2,dog,Celsius,GradeTypes.INVALID,2023-10-01 04:00 PM,9b18b971-1b37-4077-886f-d4e9bfdca177
temperature,ABC123,1,0,Farenheit,Celsius,GradeTypes.INCORRECT,2023-10-01 04:00 PM,e401d941-f311-4724-8644-bc42bdc50396
temperature,ABC123,1.2,1.2,Farenheit,Celsius,GradeTypes.CORRECT,2023-10-01 04:00 PM,f00861df-7be5-4476-96c4-dd77a7915ceb
temperature,ABC123,1.2,1.1,Farenheit,Celsius,GradeTypes.INCORRECT,2023-10-01 04:00 PM,6c096931-7b6a-4339-8899-c020719457be
temperature,ABC123,1.256,1.278,Farenheit,Celsius,GradeTypes.CORRECT,2023-10-01 04:00 PM,d9f813b1-27ed-4272-909c-6c9f87fc18d3
temperature,ABC123,1.256,1.1222,Farenheit,Celsius,GradeTypes.INCORRECT,2023-10-01 04:00 PM,afe9aeaa-3aeb-4596-afd1-4ccbf008832c
temperature,ABC123,-1.2,-1.2,Farenheit,Celsius,GradeTypes.CORRECT,2023-10-01 04:00 PM,1e17deb3-2cff-4cb5-aee6-a4a57f11a03d
temperature,ABC123,-1.2,-1.1,Farenheit,Celsius,GradeTypes.INCORRECT,2023-10-01 04:00 PM,9b3508e1-cc9a-4387-97a9-938bc6d0bcdf
temperature,ABC123,-1.256,-1.278,Farenheit,Celsius,GradeTypes.CORRECT,2023-10-01 04:00 PM,d9889c37-3d69-4341-be19-274d2c7578a2
temperature,ABC123,-1.256,-1.1222,Farenheit,Celsius,GradeTypes.INCORRECT,2023-10-01 04:00 PM,afe6a3f2-26aa-44fa-ba14-438bb2cee421
temperature,ABC123,1.2,1.2,Farenheit,dog,GradeTypes.INVALID,2023-10-01 04:00 PM,da628386-6877-41c9-963c-9baef5968c78
temperature,ABC123,1.2,1.2,dog,Celsius,GradeTypes.INVALID,2023-10-01 04:00 PM,aa211de3-4930-4fa8-ae58-94b1b667ba5d
temperature,ABC123,1,0,Farenheit,Celsius,GradeTypes.INCORRECT,2023-10-01 04:00 PM,03bd5c7c-ca4d-493b-b722-d880fa542eac
temperature,ABC123,1.2,1.2,Farenheit,Celsius,GradeTypes.CORRECT,2023-10-01 04:00 PM,afa1a24e-c533-4221-89a6-466d113c0a22
temperature,ABC123,1.2,1.1,Farenheit,Celsius,GradeTypes.INCORRECT,2023-10-01 04:00 PM,c431821f-77ed-41e3-955b-3a8053525dbd
temperature,ABC123,1.256,1.278,Farenheit,Celsius,GradeTypes.CORRECT,2023-10-01 04:00 PM,0d25d3fe-f616-4e69-83fa-9ef5c583ab48
temperature,ABC123,1.256,1.1222,Farenheit,Celsius,GradeTypes.INCORRECT,2023-10-01 04:00 PM,e73c872d-5c1d-4aa6-b56f-5ab90a4aca68
temperature,ABC123,-1.2,-1.2,Farenheit,Celsius,GradeTypes.CORRECT,2023-10-01 04:00 PM,4d0be7fd-032d-477f-bafb-07f55722441a
temperature,ABC123,-1.2,-1.1,Farenheit,Celsius,GradeTypes.INCORRECT,2023-10-01 04:00 PM,29e8397a-f541-4717-83a6-09111337d55e
temperature,ABC123,-1.256,-1.278,Farenheit,Celsius,GradeTypes.CORRECT,2023-10-01 04:00 PM,a65eb502-846c-4203-b04f-634a93384cd1
temperature,ABC123,-1.256,-1.1222,Farenheit,Celsius,GradeTypes.INCORRECT,2023-10-01 04:00 PM,c4aa616c-8e42-4e51-b711-3ebe21abf9fa
temperature,ABC123,1.2,1.2,Farenheit,dog,GradeTypes.INVALID,2023-10-01 04:00 PM,b30eca84-ef28-491e-ad44-c8cb33410268
temperature,ABC123,1.2,1.2,dog,Celsius,GradeTypes.INVALID,2023-10-01 04:00 PM,6d8fc2c3-122a-4f7d-a02d-1ebfab03cf1a
temperature,ABC123,1,0,Farenheit,Celsius,GradeTypes.INCORRECT,2023-10-01 04:00 PM,47cb0d61-25b6-4522-b0d8-f49ee9799c06
temperature,ABC123,1.2,1.2,Farenheit,Celsius,GradeTypes.CORRECT,2023-10-01 04:00 PM,1a103ce7-16db-4f34-9202-912fb11a1a4a
temperature,ABC123,1.2,1.1,Farenheit,Celsius,GradeTypes.INCORRECT,2023-10-01 04:00 PM,adb1b5a4-5d0d-4ecb-9176-b79a60c06303
temperature,ABC123,1.256,1.278,Farenheit,Celsius,GradeTypes.CORRECT,2023-10-01 04:00 PM,03ee41ff-a848-4759-bc41-413c647014de
temperature,ABC123,1.256,1.1222,Farenheit,Celsius,GradeTypes.INCORRECT,2023-10-01 04:00 PM,bf8c6bae-2c21-47fd-af68-f6dfec60ad59
temperature,ABC123,-1.2,-1.2,Farenheit,Celsius,GradeTypes.CORRECT,2023-10-01 04:00 PM,c52ff796-0992-477b-a806-a3f878c8aab2
temperature,ABC123,-1.2,-1.1,Farenheit,Celsius,GradeTypes.INCORRECT,2023-10-01 04:00 PM,2ebc438b-ca2f-4dd0-a73a-b6562bfe15b1
temperature,ABC123,-1.256,-1.278,Farenheit,Celsius,GradeTypes.CORRECT,2023-10-01 04:00 PM,7ea7cacd-1126-4e52-a965-773ba3ffed27
temperature,ABC123,-1.256,-1.1222,Farenheit,Celsius,GradeTypes.INCORRECT,2023-10-01 04:00 PM,324cfc01-a59c-4627-b109-42d61919579d
temperature,ABC123,1.2,1.2,Farenheit,dog,GradeTypes.INVALID,2023-10-01 04:00 PM,ac5fc8fb-ddbb-4cdb-ac3c-a1c67f20b5ed
temperature,ABC123,1.2,1.2,dog,Celsius,GradeTypes.INVALID,2023-10-01 04:00 PM,58a37457-33d1-4e18-a490-789eea90b67e
temperature,ABC123,1,0,Farenheit,Celsius,GradeTypes.INCORRECT,2023-10-01 04:00 PM,76b45108-a3dc-4046-95c9-84f291b0f7e2
temperature,ABC123,1.2,1.2,Farenheit,Celsius,GradeTypes.CORRECT,2023-10-01 04:00 PM,1805c04a-9f12-4d57-8e63-7eae79d64f63
temperature,ABC123,1.2,1.1,Farenheit,Celsius,GradeTypes.INCORRECT,2023-10-01 04:00 PM,459eb677-4cae-42af-aaae-db8b828c55bb
temperature,ABC123,1.256,1.278,Farenheit,Celsius,GradeTypes.CORRECT,2023-10-01 04:00 PM,cdff11f4-46a6-47f0-8689-5c377a96fe72
temperature,ABC123,1.256,1.1222,Farenheit,Celsius,GradeTypes.INCORRECT,2023-10-01 04:00 PM,a072d7f0-9004-44a7-bd59-a264cbb2b1eb
temperature,ABC123,-1.2,-1.2,Farenheit,Celsius,GradeTypes.CORRECT,2023-10-01 04:00 PM,95b57434-3b3f-4488-85e8-92f679c7899b
temperature,ABC123,-1.2,-1.1,Farenheit,Celsius,GradeTypes.INCORRECT,2023-10-01 04:00 PM,71c2361e-828d-4810-bb62-7d263c2de7da
temperature,ABC123,-1.256,-1.278,Farenheit,Celsius,GradeTypes.CORRECT,2023-10-01 04:00 PM,fbbef5b3-dd99-46f1-a352-20e0fef24329
temperature,ABC123,-1.256,-1.1222,Farenheit,Celsius,GradeTypes.INCORRECT,2023-10-01 04:00 PM,21abc2a2-0ebb-4a50-9127-2794d721ed05
temperature,ABC123,1.2,1.2,Farenheit,dog,GradeTypes.INVALID,2023-10-01 04:00 PM,18db2cc2-0ea3-41de-99a4-5b13dcb234e7
temperature,ABC123,1.2,1.2,dog,Celsius,GradeTypes.INVALID,2023-10-01 04:00 PM,97f713b5-2660-480c-a08f-e5b565574b4b
temperature,ABC123,1,0,Farenheit,Celsius,GradeTypes.INCORRECT,2023-10-01 04:00 PM,801e6272-c78b-4316-bd06-d79025fd6253
temperature,ABC123,1.2,1.2,Farenheit,Celsius,GradeTypes.CORRECT,2023-10-01 04:00 PM,7ae4fa67-77e5-49ab-8117-ac79b1a2658b
temperature,ABC123,1.2,1.1,Farenheit,Celsius,GradeTypes.INCORRECT,2023-10-01 04:00 PM,7182dcf1-e79a-4609-b47a-0f7bf3a0b0b0
temperature,ABC123,1.256,1.278,Farenheit,Celsius,GradeTypes.CORRECT,2023-10-01 04:00 PM,da30ae3e-0010-4799-8819-d70fef3ede00
temperature,ABC123,1.256,1.1222,Farenheit,Celsius,GradeTypes.INCORRECT,2023-10-01 04:00 PM,39034ef4-4e6e-4de9-b614-883b33538123
temperature,ABC123,-1.2,-1.2,Farenheit,Celsius,GradeTypes.CORRECT,2023-10-01 04:00 PM,f13adba2-84df-4d83-8f17-1d5c60c9dc30
temperature,ABC123,-1.2,-1.1,Farenheit,Celsius,GradeTypes.INCORRECT,2023-10-01 04:00 PM,ce52d021-03ec-4804-9cfa-6758bc54f2d6
temperature,ABC123,-1.256,-1.278,Farenheit,Celsius,GradeTypes.CORRECT,2023-10-01 04:00 PM,ebe7ab9d-c70c-4db2-ac49-2f5023c15b73
temperature,ABC123,-1.256,-1.1222,Farenheit,Celsius,GradeTypes.INCORRECT,2023-10-01 04:00 PM,610ed16e-f191-400d-bd99-c12d451995ca
temperature,ABC123,1.2,1.2,Farenheit,dog,GradeTypes.INVALID,2023-10-01 04:00 PM,f5e75c6f-5c9a-4e4f-b869-e86d2ed2c66c
temperature,ABC123,1.2,1.2,dog,Celsius,GradeTypes.INVALID,2023-10-01 04:00 PM,b7e59c63-078c-4c6a-b1a1-429d3b14fd52
temperature,ABC123,1,0,Farenheit,Celsius,GradeTypes.INCORRECT,2023-10-01 04:00 PM,7bda3828-ec12-48ee-bde3-0368bfa7c368
temperature,ABC123,1.2,1.2,Farenheit,Celsius,GradeTypes.CORRECT,2023-10-01 04:00 PM,52ee8446-3a7d-41ce-8043-522514ca6382
temperature,ABC123,1.2,1.1,Farenheit,Celsius,GradeTypes.INCORRECT,2023-10-01 04:00 PM,e75bc6ff-577e-4e4c-bd02-6120cd6824e8
temperature,ABC123,1.256,1.278,Farenheit,Celsius,GradeTypes.CORRECT,2023-10-01 04:00 PM,f1dfec2b-ea31-41f8-9a3b-2914206afc6e
temperature,ABC123,1.256,1.1222,Farenheit,Celsius,GradeTypes.INCORRECT,2023-10-01 04:00 PM,c7d9c080-9028-43b6-8a04-1503c2fd136d
temperature,ABC123,-1.2,-1.2,Farenheit,Celsius,GradeTypes.CORRECT,2023-10-01 04:00 PM,f626d696-fb3f-4660-a170-665981f852cd
temperature,ABC123,-1.2,-1.1,Farenheit,Celsius,GradeTypes.INCORRECT,2023-10-01 04:00 PM,675da285-b4be-4aa4-9a70-1906a63cbbcf
temperature,ABC123,-1.256,-1.278,Farenheit,Celsius,GradeTypes.CORRECT,2023-10-01 04:00 PM,1c1ccfd4-8d9c-428e-8e1d-823abf826be0
temperature,ABC123,-1.256,-1.1222,Farenheit,Celsius,GradeTypes.INCORRECT,2023-10-01 04:00 PM,d26ca4c4-f417-4502-92dc-e6896f4dffd7
temperature,ABC123,1.2,1.2,Farenheit,dog,GradeTypes.INVALID,2023-10-01 04:00 PM,0e829d8f-3eaa-4a40-991d-a436a0e7665e
temperature,ABC123,1.2,1.2,dog,Celsius,GradeTypes.INVALID,2023-10-01 04:00 PM,02b812cc-7a87-4b5d-a49c-76ba4bdbc325
temperature,ABC123,1,0,Farenheit,Celsius,GradeTypes.INCORRECT,2023-10-01 04:00 PM,d7f52edc-1abd-430f-9069-5d7e70031404
temperature,ABC123,1.2,1.2,Farenheit,Celsius,GradeTypes.CORRECT,2023-10-01 04:00 PM,ea484e23-1e70-4f51-af5e-e61a3c35639b
temperature,ABC123,1.2,1.1,Farenheit,Celsius,GradeTypes.INCORRECT,2023-10-01 04:00 PM,284f4b70-27d5-460c-be04-26df6bf778a2
temperature,ABC123,1.256,1.278,Farenheit,Celsius,GradeTypes.CORRECT,2023-10-01 04:00 PM,0d6af7ec-505e-4af2-8e0a-630644dd7c2e
temperature,ABC123,1.256,1.1222,Farenheit,Celsius,GradeTypes.INCORRECT,2023-10-01 04:00 PM,1c9d03bb-6e0a-4789-929a-f1f4cb565feb
temperature,ABC123,-1.2,-1.2,Farenheit,Celsius,GradeTypes.CORRECT,2023-10-01 04:00 PM,43102845-b5d4-4e0f-912c-7c44c29d1b03
temperature,ABC123,-1.2,-1.1,Farenheit,Celsius,GradeTypes.INCORRECT,2023-10-01 04:00 PM,93d9a329-2c8c-4781-81e0-61172d3b0b7c
temperature,ABC123,-1.256,-1.278,Farenheit,Celsius,GradeTypes.CORRECT,2023-10-01 04:00 PM,ae165cac-de0f-4873-b205-42c9ee85ffc1
temperature,ABC123,-1.256,-1.1222,Farenheit,Celsius,GradeTypes.INCORRECT,2023-10-01 04:00 PM,8a12b497-ff48-4d78-bcc6-c6626edad2bd
temperature,ABC123,1.2,1.2,Farenheit,dog,GradeTypes.INVALID,2023-10-01 04:00 PM,1ce3fe07-05cb-473d-97e4-9e151be2b4c3
temperature,ABC123,1.2,1.2,dog,Celsius,GradeTypes.INVALID,2023-10-01 04:00 PM,eec6a278-1a58-4541-8a27-628d95e73157
temperature,ABC123,1,0,Farenheit,Celsius,GradeTypes.INCORRECT,2023-10-01 04:00 PM,a1bc3b06-a6ce-48cb-accb-b64a4ff7c6fd
temperature,ABC123,1.2,1.2,Farenheit,Celsius,GradeTypes.CORRECT,2023-10-01 04:00 PM,57df77f0-be24-4c40-9622-9039ceb6fe78
temperature,ABC123,1.2,1.1,Farenheit,Celsius,GradeTypes.INCORRECT,2023-10-01 04:00 PM,677dc2ef-9910-4ca9-b4b9-2c8d6918460f
temperature,ABC123,1.256,1.278,Farenheit,Celsius,GradeTypes.CORRECT,2023-10-01 04:00 PM,89b07e67-6346-4795-a8cf-d5791cb97e74
temperature,ABC123,1.256,1.1222,Farenheit,Celsius,GradeTypes.INCORRECT,2023-10-01 04:00 PM,e92cfd97-61ab-40dc-a3e8-b78ee8263593
temperature,ABC123,-1.2,-1.2,Farenheit,Celsius,GradeTypes.CORRECT,2023-10-01 04:00 PM,61fd1b7a-494a-4e8c-a1f6-57b9cd4bfd50
temperature,ABC123,-1.2,-1.1,Farenheit,Celsius,GradeTypes.INCORRECT,2023-10-01 04:00 PM,023bd5f7-49b2-4d31-9b3a-bdc2c371504b
temperature,ABC123,-1.256,-1.278,Farenheit,Celsius,GradeTypes.CORRECT,2023-10-01 04:00 PM,d2ea6115-c7cb-4d12-8ab0-9eff4a7d03ed
temperature,ABC123,-1.256,-1.1222,Farenheit,Celsius,GradeTypes.INCORRECT,2023-10-01 04:00 PM,1fee0fec-177d-478f-a2d4-86cf1ae8dc12
temperature,ABC123,1.2,1.2,Farenheit,dog,GradeTypes.INVALID,2023-10-01 04:00 PM,34732f6f-2272-461f-8954-c5796df92031
temperature,ABC123,1.2,1.2,dog,Celsius,GradeTypes.INVALID,2023-10-01 04:00 PM,a23c648b-610a-40a4-bdda-235740e46c2b
temperature,ABC123,1,0,Farenheit,Celsius,GradeTypes.INCORRECT,2023-10-01 04:00 PM,3bfea557-910f-40a3-8b2c-489c62db3365
temperature,ABC123,1.2,1.2,Farenheit,Celsius,GradeTypes.CORRECT,2023-10-01 04:00 PM,159289d0-eb21-4bb0-b293-91591a48e6b9
temperature,ABC123,1.2,1.1,Farenheit,Celsius,GradeTypes.INCORRECT,2023-10-01 04:00 PM,15d96190-18d2-4f1f-93e0-d389581a1942
temperature,ABC123,1.256,1.278,Farenheit,Celsius,GradeTypes.CORRECT,2023-10-01 04:00 PM,570052c3-5d3b-42d9-828c-3a998389c3d0
temperature,ABC123,1.256,1.1222,Farenheit,Celsius,GradeTypes.INCORRECT,2023-10-01 04:00 PM,1c97ceea-fc29-465c-999f-3b0dd574845c
temperature,ABC123,-1.2,-1.2,Farenheit,Celsius,GradeTypes.CORRECT,2023-10-01 04:00 PM,e07fd37f-d936-446b-b44a-7e9cb3f884f5
temperature,ABC123,-1.2,-1.1,Farenheit,Celsius,GradeTypes.INCORRECT,2023-10-01 04:00 PM,a99ef723-6835-4d50-b2a1-4207759d9833
temperature,ABC123,-1.256,-1.278,Farenheit,Celsius,GradeTypes.CORRECT,2023-10-01 04:00 PM,eaa03008-8ef8-4648-9175-3a402a918ec9
temperature,ABC123,-1.256,-1.1222,Farenheit,Celsius,GradeTypes.INCORRECT,2023-10-01 04:00 PM,f3daf3b9-189d-4ba5-9b80-eced55adfc0f
temperature,ABC123,1.2,1.2,Farenheit,dog,GradeTypes.INVALID,2023-10-01 04:00 PM,b5087d07-1a93-4f53-a093-60bfaacd06f6
temperature,ABC123,1.2,1.2,dog,Celsius,GradeTypes.INVALID,2023-10-01 04:00 PM,fda535ba-3125-417a-8f4e-1836a380db6b
temperature,ABC123,1,0,Farenheit,Celsius,GradeTypes.INCORRECT,2023-10-01 04:00 PM,1c909071-b628-4600-b3f5-5380915a44de
temperature,ABC123,1.2,1.2,Farenheit,Celsius,GradeTypes.CORRECT,2023-10-01 04:00 PM,c8a8ef30-62fc-4a2c-b3f3-1afc8b1c1f29
temperature,ABC123,1.2,1.1,Farenheit,Celsius,GradeTypes.INCORRECT,2023-10-01 04:00 PM,9d7fcb5f-711a-454a-bbed-53c8674b7711
temperature,ABC123,1.256,1.278,Farenheit,Celsius,GradeTypes.CORRECT,2023-10-01 04:00 PM,bffd8d33-2575-48f2-8755-4591d59ee086
temperature,ABC123,1.256,1.1222,Farenheit,Celsius,GradeTypes.INCORRECT,2023-10-01 04:00 PM,237785b6-d889-401b-8ed4-08784ee3770c
temperature,ABC123,-1.2,-1.2,Farenheit,Celsius,GradeTypes.CORRECT,2023-10-01 04:00 PM,ad558567-8c15-4a76-9916-cf0232bc65ac
temperature,ABC123,-1.2,-1.1,Farenheit,Celsius,GradeTypes.INCORRECT,2023-10-01 04:00 PM,64ec2fd0-a3ac-4345-9424-f7cff2a7290f
temperature,ABC123,-1.256,-1.278,Farenheit,Celsius,GradeTypes.CORRECT,2023-10-01 04:00 PM,28819269-2456-44ed-bace-7f4f1e14aeb2
temperature,ABC123,-1.256,-1.1222,Farenheit,Celsius,GradeTypes.INCORRECT,2023-10-01 04:00 PM,ef11b1c3-d389-4c59-bd9d-f0cfdbc0b105
temperature,ABC123,1.2,1.2,Farenheit,dog,GradeTypes.INVALID,2023-10-01 04:00 PM,a7bc021a-3963-449d-9f06-46cae4f22dc4
temperature,ABC123,1.2,1.2,dog,Celsius,GradeTypes.INVALID,2023-10-01 04:00 PM,05bdd710-d112-4035-a8f2-26787b37ec3a
temperature,ABC123,1,0,Farenheit,Celsius,GradeTypes.INCORRECT,2023-10-01 04:00 PM,27aff563-9f0d-4558-905a-9d424143714d
temperature,ABC123,1.2,1.2,Farenheit,Celsius,GradeTypes.CORRECT,2023-10-01 04:00 PM,ea2c1884-62ab-428a-94b5-b03751128090
temperature,ABC123,1.2,1.1,Farenheit,Celsius,GradeTypes.INCORRECT,2023-10-01 04:00 PM,ac34a64e-9d00-40d4-89db-f225b2c64fb0
temperature,ABC123,1.256,1.278,Farenheit,Celsius,GradeTypes.CORRECT,2023-10-01 04:00 PM,566c541d-85d7-41c8-830e-8d7acffe83f2
temperature,ABC123,1.256,1.1222,Farenheit,Celsius,GradeTypes.INCORRECT,2023-10-01 04:00 PM,bb307ca0-9c0b-49dd-855f-2c0de6918aff
temperature,ABC123,-1.2,-1.2,Farenheit,Celsius,GradeTypes.CORRECT,2023-10-01 04:00 PM,25fe3efd-0726-48c3-8f3c-9b54f9643ef8
temperature,ABC123,-1.2,-1.1,Farenheit,Celsius,GradeTypes.INCORRECT,2023-10-01 04:00 PM,fdd5e3c8-6f17-4918-9b8f-2f2b94ea7b36
temperature,ABC123,-1.256,-1.278,Farenheit,Celsius,GradeTypes.CORRECT,2023-10-01 04:00 PM,d8f7792e-fdcf-4696-bc08-7e6de3ec2fbe
temperature,ABC123,-1.256,-1.1222,Farenheit,Celsius,GradeTypes.INCORRECT,2023-10-01 04:00 PM,eaae67d9-58cc-4e45-b51d-d31785af53e8
temperature,ABC123,1.2,1.2,Farenheit,dog,GradeTypes.INVALID,2023-10-01 04:00 PM,701b7904-396e-463d-8843-507d8da8b719
temperature,ABC123,1.2,1.2,dog,Celsius,GradeTypes.INVALID,2023-10-01 04:00 PM,2d452162-9633-46e8-8271-64a52f81e304
temperature,ABC123,1,0,Farenheit,Celsius,GradeTypes.INCORRECT,2023-10-01 04:00 PM,0828d5df-7186-4650-972a-de59c8918b1b
temperature,ABC123,1.2,1.2,Farenheit,Celsius,GradeTypes.CORRECT,2023-10-01 04:00 PM,5f48ec01-b604-4f8f-93f1-9e0dfce4c81d
temperature,ABC123,1.2,1.1,Farenheit,Celsius,GradeTypes.INCORRECT,2023-10-01 04:00 PM,dca855d4-ce66-4481-82dc-3c95ab08769d
temperature,ABC123,1.256,1.278,Farenheit,Celsius,GradeTypes.CORRECT,2023-10-01 04:00 PM,a360ef2a-37aa-41c5-a3df-5f40088a3005
temperature,ABC123,1.256,1.1222,Farenheit,Celsius,GradeTypes.INCORRECT,2023-10-01 04:00 PM,08a8b0aa-012e-4f05-b6b1-099e49764f18
temperature,ABC123,-1.2,-1.2,Farenheit,Celsius,GradeTypes.CORRECT,2023-10-01 04:00 PM,5f74c0da-c2bb-42e7-8ef7-b64af4143ea7
temperature,ABC123,-1.2,-1.1,Farenheit,Celsius,GradeTypes.INCORRECT,2023-10-01 04:00 PM,40393666-eed1-4460-b8ec-3dd6b1e705d7
temperature,ABC123,-1.256,-1.278,Farenheit,Celsius,GradeTypes.CORRECT,2023-10-01 04:00 PM,d5224ebe-88aa-420e-9347-a23f422bc9b9
temperature,ABC123,-1.256,-1.1222,Farenheit,Celsius,GradeTypes.INCORRECT,2023-10-01 04:00 PM,83ca132f-3c03-4963-b307-a7d029e23663
temperature,ABC123,1.2,1.2,Farenheit,dog,GradeTypes.INVALID,2023-10-01 04:00 PM,a7a948fb-6f33-46bc-8083-be80d4a9b288
temperature,ABC123,1.2,1.2,dog,Celsius,GradeTypes.INVALID,2023-10-01 04:00 PM,d250bcd2-9282-408d-a2ce-a5e3c0f6c11d
temperature,ABC123,1,0,Farenheit,Celsius,GradeTypes.INCORRECT,2023-10-01 04:00 PM,c36e4996-abc2-415b-9826-30f07af08f80
temperature,ABC123,1.2,1.2,Farenheit,Celsius,GradeTypes.CORRECT,2023-10-01 04:00 PM,5aba96c8-1567-4303-b4a1-761591c16379
temperature,ABC123,1.2,1.1,Farenheit,Celsius,GradeTypes.INCORRECT,2023-10-01 04:00 PM,5dc8a0cd-a7da-4db8-a8fd-01f824c33997
temperature,ABC123,1.256,1.278,Farenheit,Celsius,GradeTypes.CORRECT,2023-10-01 04:00 PM,0c33ec71-fdc8-459a-8d07-e1ad5c1ca06e
temperature,ABC123,1.256,1.1222,Farenheit,Celsius,GradeTypes.INCORRECT,2023-10-01 04:00 PM,755a8482-acdf-4303-8cec-7695c5299043
temperature,ABC123,-1.2,-1.2,Farenheit,Celsius,GradeTypes.CORRECT,2023-10-01 04:00 PM,639ec06f-f4ae-4ece-897c-795df9c27461
temperature,ABC123,-1.2,-1.1,Farenheit,Celsius,GradeTypes.INCORRECT,2023-10-01 04:00 PM,b9f48c86-dd70-415e-a1e9-f67ed961cf1e
temperature,ABC123,-1.256,-1.278,Farenheit,Celsius,GradeTypes.CORRECT,2023-10-01 04:00 PM,d86e3b07-0ee2-45d7-a689-977cc361d1ee
temperature,ABC123,-1.256,-1.1222,Farenheit,Celsius,GradeTypes.INCORRECT,2023-10-01 04:00 PM,cd45294c-9ea1-4c13-9800-3ce0487a489f
temperature,ABC123,1.2,1.2,Farenheit,dog,GradeTypes.INVALID,2023-10-01 04:00 PM,0bd95e5f-3338-4bc1-924f-011f8473eb4c
temperature,ABC123,1.2,1.2,dog,Celsius,GradeTypes.INVALID,2023-10-01 04:00 PM,fe643aa1-a41f-4a49-987f-6899ad330368
temperature,ABC123,1,0,Farenheit,Celsius,GradeTypes.INCORRECT,2023-10-01 04:00 PM,090f8c4d-7b11-4e91-a957-114385771acb
temperature,ABC123,1.2,1.2,Farenheit,Celsius,GradeTypes.CORRECT,2023-10-01 04:00 PM,56c58b79-3823-4094-9866-80b077dc84a4
temperature,ABC123,1.2,1.1,Farenheit,Celsius,GradeTypes.INCORRECT,2023-10-01 04:00 PM,5595a0b2-ab08-43e4-ac4e-8283e60009d8
temperature,ABC123,1.256,1.278,Farenheit,Celsius,GradeTypes.CORRECT,2023-10-01 04:00 PM,4538013b-8d4c-4441-8315-f4e28450041d
temperature,ABC123,1.256,1.1222,Farenheit,Celsius,GradeTypes.INCORRECT,2023-10-01 04:00 PM,0400b0d2-ea1e-42b4-ac63-7c02598c1168
temperature,ABC123,-1.2,-1.2,Farenheit,Celsius,GradeTypes.CORRECT,2023-10-01 04:00 PM,8124cc2b-9b70-41fd-ac42-c1525647e5b0
temperature,ABC123,-1.2,-1.1,Farenheit,Celsius,GradeTypes.INCORRECT,2023-10-01 04:00 PM,1557c1de-def4-43fc-b4f7-cfcab815c3d4
temperature,ABC123,-1.256,-1.278,Farenheit,Celsius,GradeTypes.CORRECT,2023-10-01 04:00 PM,c9b8de46-19ab-486b-bc82-7f51819ccbf3
temperature,ABC123,-1.256,-1.1222,Farenheit,Celsius,GradeTypes.INCORRECT,2023-10-01 04:00 PM,d8ee1a4f-9239-483d-a32b-90a93204122f
temperature,ABC123,1.2,1.2,Farenheit,dog,GradeTypes.INVALID,2023-10-01 04:00 PM,33b680a8-6d24-4c07-86ca-cd3306f59718
temperature,ABC123,1.2,1.2,dog,Celsius,GradeTypes.INVALID,2023-10-01 04:00 PM,1dd1cf95-3d38-4ea6-8414-0adc45210e5e
temperature,ABC123,1,0,Farenheit,Celsius,GradeTypes.INCORRECT,2023-10-01 04:00 PM,ed072500-0814-4eae-a425-933fdf48086b
temperature,ABC123,1.2,1.2,Farenheit,Celsius,GradeTypes.CORRECT,2023-10-01 04:00 PM,e40ba929-ef4c-484d-b7ca-44d714d54265
temperature,ABC123,1.2,1.1,Farenheit,Celsius,GradeTypes.INCORRECT,2023-10-01 04:00 PM,571d03aa-c30e-450b-a991-8c2a71223a62
temperature,ABC123,1.256,1.278,Farenheit,Celsius,GradeTypes.CORRECT,2023-10-01 04:00 PM,a89c57cf-ed34-4fb1-a73e-3f8c6214aed4
temperature,ABC123,1.256,1.1222,Farenheit,Celsius,GradeTypes.INCORRECT,2023-10-01 04:00 PM,f48a87d8-08d7-4754-9e40-628d9fcd5217
temperature,ABC123,-1.2,-1.2,Farenheit,Celsius,GradeTypes.CORRECT,2023-10-01 04:00 PM,1101498b-b88d-4db9-8a1e-33b1beb08662
temperature,ABC123,-1.2,-1.1,Farenheit,Celsius,GradeTypes.INCORRECT,2023-10-01 04:00 PM,bc756323-311a-4cdc-a4e6-152280c99a83
temperature,ABC123,-1.256,-1.278,Farenheit,Celsius,GradeTypes.CORRECT,2023-10-01 04:00 PM,c1e22946-d7d0-41ac-a4c9-b493605b417f
temperature,ABC123,-1.256,-1.1222,Farenheit,Celsius,GradeTypes.INCORRECT,2023-10-01 04:00 PM,dba79def-d218-4991-b66f-6c6236212d20
temperature,ABC123,1.2,1.2,Farenheit,dog,GradeTypes.INVALID,2023-10-01 04:00 PM,95f2cb51-82e6-4392-b73d-850a52b6fd68
temperature,ABC123,1.2,1.2,dog,Celsius,GradeTypes.INVALID,2023-10-01 04:00 PM,161a3228-ba92-4f8b-bf0e-3eb1ca9cd94d
temperature,ABC123,1,0,Farenheit,Celsius,GradeTypes.INCORRECT,2023-10-01 04:00 PM,ccd8d102-c355-4cbb-9d50-bc0644644011
temperature,ABC123,1.2,1.2,Farenheit,Celsius,GradeTypes.CORRECT,2023-10-01 04:00 PM,3a2167d8-1552-454f-ab6b-fb8f4eca9c75
temperature,ABC123,1.2,1.1,Farenheit,Celsius,GradeTypes.INCORRECT,2023-10-01 04:00 PM,b6dc4139-07de-4914-be33-1024cacf1f21
temperature,ABC123,1.256,1.278,Farenheit,Celsius,GradeTypes.CORRECT,2023-10-01 04:00 PM,15e8bcbf-0922-4e7c-a49d-0552b77fe7bd
temperature,ABC123,1.256,1.1222,Farenheit,Celsius,GradeTypes.INCORRECT,2023-10-01 04:00 PM,e080ed2b-1072-4e87-9b48-f354506210e0
temperature,ABC123,-1.2,-1.2,Farenheit,Celsius,GradeTypes.CORRECT,2023-10-01 04:00 PM,9760f22a-fddb-48d4-95b2-1c3c15f57448
temperature,ABC123,-1.2,-1.1,Farenheit,Celsius,GradeTypes.INCORRECT,2023-10-01 04:00 PM,3b170710-87b5-4001-a2ab-f1cd97e5063a
temperature,ABC123,-1.256,-1.278,Farenheit,Celsius,GradeTypes.CORRECT,2023-10-01 04:00 PM,ec4718f1-5ede-43a0-80ea-4f20b97d25dd
temperature,ABC123,-1.256,-1.1222,Farenheit,Celsius,GradeTypes.INCORRECT,2023-10-01 04:00 PM,5cc73272-0f3a-4a06-bdf3-00a3c7f304a8
temperature,ABC123,1.2,1.2,Farenheit,dog,GradeTypes.INVALID,2023-10-01 04:00 PM,e715851d-42bb-4958-a184-150f9ff540ae
temperature,ABC123,1.2,1.2,dog,Celsius,GradeTypes.INVALID,2023-10-01 04:00 PM,6eb8b614-9715-46d7-8d20-356252718b0b
temperature,ABC123,1,0,Farenheit,Celsius,GradeTypes.INCORRECT,2023-10-01 04:00 PM,fb9bfabb-8890-4a5c-8cb0-a23105f8ee5b
temperature,ABC123,1.2,1.2,Farenheit,Celsius,GradeTypes.CORRECT,2023-10-01 04:00 PM,0a4e435a-c0a8-4d8f-b8fa-f1844ce996a3
temperature,ABC123,1.2,1.1,Farenheit,Celsius,GradeTypes.INCORRECT,2023-10-01 04:00 PM,254adf09-f27f-4ace-af1a-46ea14ae1d4f
temperature,ABC123,1.256,1.278,Farenheit,Celsius,GradeTypes.CORRECT,2023-10-01 04:00 PM,a37a9c2c-c1d2-4252-85f3-f1b4b7378abb
temperature,ABC123,1.256,1.1222,Farenheit,Celsius,GradeTypes.INCORRECT,2023-10-01 04:00 PM,9c348592-36fb-45e9-a12d-d4a0aeb2cd86
temperature,ABC123,-1.2,-1.2,Farenheit,Celsius,GradeTypes.CORRECT,2023-10-01 04:00 PM,96510306-7ebf-4952-91c1-62aa96ad38ab
temperature,ABC123,-1.2,-1.1,Farenheit,Celsius,GradeTypes.INCORRECT,2023-10-01 04:00 PM,17509182-43b1-4ecf-b493-e48d705c0f4c
temperature,ABC123,-1.256,-1.278,Farenheit,Celsius,GradeTypes.CORRECT,2023-10-01 04:00 PM,fb965835-19ce-4ccb-b2a6-1403a1470db6
temperature,ABC123,-1.256,-1.1222,Farenheit,Celsius,GradeTypes.INCORRECT,2023-10-01 04:00 PM,394845fc-504a-48b9-ba26-645f89039c96
temperature,ABC123,1.2,1.2,Farenheit,dog,GradeTypes.INVALID,2023-10-01 04:00 PM,b2c27bc5-fad5-468f-848f-d7588c391037
temperature,ABC123,1.2,1.2,dog,Celsius,GradeTypes.INVALID,2023-10-01 04:00 PM,42239c36-4a19-465f-8d21-4d136c7ab36d
temperature,ABC123,1,0,Farenheit,Celsius,GradeTypes.INCORRECT,2023-10-01 04:00 PM,1214ef7d-9b1a-4910-a812-846c2c2e8b72
temperature,ABC123,1.2,1.2,Farenheit,Celsius,GradeTypes.CORRECT,2023-10-01 04:00 PM,8de27b30-3cfe-476e-ba4b-52cc91adb849
temperature,ABC123,1.2,1.1,Farenheit,Celsius,GradeTypes.INCORRECT,2023-10-01 04:00 PM,32b13541-e049-4693-9539-6dc6f39264d8
temperature,ABC123,1.256,1.278,Farenheit,Celsius,GradeTypes.CORRECT,2023-10-01 04:00 PM,5d355f10-50da-4479-a054-6a2c5a4c8ae7
temperature,ABC123,1.256,1.1222,Farenheit,Celsius,GradeTypes.INCORRECT,2023-10-01 04:00 PM,f77b6b7c-ab86-4f19-8e9a-d1dbafa8ab0f
temperature,ABC123,-1.2,-1.2,Farenheit,Celsius,GradeTypes.CORRECT,2023-10-01 04:00 PM,6736c759-f051-4920-bfc3-605280e96851
temperature,ABC123,-1.2,-1.1,Farenheit,Celsius,GradeTypes.INCORRECT,2023-10-01 04:00 PM,f18002bc-4008-4a2f-8106-0f6ff4c02df0
temperature,ABC123,-1.256,-1.278,Farenheit,Celsius,GradeTypes.CORRECT,2023-10-01 04:00 PM,fb104293-baa1-46c1-b6bf-25b98670344c
temperature,ABC123,-1.256,-1.1222,Farenheit,Celsius,GradeTypes.INCORRECT,2023-10-01 04:00 PM,7fd1aeca-a941-4e94-8d0e-7b6facfd80f1
temperature,ABC123,1.2,1.2,Farenheit,dog,GradeTypes.INVALID,2023-10-01 04:00 PM,4fb5af2e-1588-4558-9402-956fdd69e9ac
temperature,ABC123,1.2,1.2,dog,Celsius,GradeTypes.INVALID,2023-10-01 04:00 PM,98f8489f-628a-4d27-8a94-1b76d86ba95a
temperature,ABC123,1,0,Farenheit,Celsius,GradeTypes.INCORRECT,2023-10-01 04:00 PM,72daa147-23bd-4ead-b779-95081a784f8a
temperature,ABC123,1.2,1.2,Farenheit,Celsius,GradeTypes.CORRECT,2023-10-01 04:00 PM,e48e5050-eacf-425e-a53a-c6f62de690c4
temperature,ABC123,1.2,1.1,Farenheit,Celsius,GradeTypes.INCORRECT,2023-10-01 04:00 PM,18405160-7312-40ed-b8b1-82ddea0dafec
temperature,ABC123,1.256,1.278,Farenheit,Celsius,GradeTypes.CORRECT,2023-10-01 04:00 PM,f1aec9cd-8e32-4ddb-be20-5694e3e2b387
temperature,ABC123,1.256,1.1222,Farenheit,Celsius,GradeTypes.INCORRECT,2023-10-01 04:00 PM,cf5ff3cd-73a3-4acc-8943-3c083c0bc4e6
temperature,ABC123,-1.2,-1.2,Farenheit,Celsius,GradeTypes.CORRECT,2023-10-01 04:00 PM,bf6f2780-b477-44d7-8abd-509aea863ddf
temperature,ABC123,-1.2,-1.1,Farenheit,Celsius,GradeTypes.INCORRECT,2023-10-01 04:00 PM,07df58f5-bdad-4736-a561-f887b708f0b6
temperature,ABC123,-1.256,-1.278,Farenheit,Celsius,GradeTypes.CORRECT,2023-10-01 04:00 PM,0229656a-566a-4b3d-8fae-80139bf20d57
temperature,ABC123,-1.256,-1.1222,Farenheit,Celsius,GradeTypes.INCORRECT,2023-10-01 04:00 PM,fa528c39-d46a-4cd6-8d92-771454c2481f
temperature,ABC123,1.2,1.2,Farenheit,dog,GradeTypes.INVALID,2023-10-01 04:00 PM,faa8e8db-064c-45b3-b8c8-c1def2552833
temperature,ABC123,1.2,1.2,dog,Celsius,GradeTypes.INVALID,2023-10-01 04:00 PM,91a8e3a5-9ac8-4b21-b2a0-5ecb12f03fbb
temperature,ABC123,1,0,Farenheit,Celsius,GradeTypes.INCORRECT,2023-10-01 04:00 PM,a6032164-ef9e-4b0d-ba90-7352c9e6bea0
temperature,ABC123,1.2,1.2,Farenheit,Celsius,GradeTypes.CORRECT,2023-10-01 04:00 PM,b5b5ef8d-04d6-4aa2-92e9-eb33d7cda2fc
temperature,ABC123,1.2,1.1,Farenheit,Celsius,GradeTypes.INCORRECT,2023-10-01 04:00 PM,0c2c1e32-079e-4d70-acbb-8e89b4db861c
temperature,ABC123,1.256,1.278,Farenheit,Celsius,GradeTypes.CORRECT,2023-10-01 04:00 PM,2789e167-2a74-401c-8123-ef52b744724b
temperature,ABC123,1.256,1.1222,Farenheit,Celsius,GradeTypes.INCORRECT,2023-10-01 04:00 PM,70763cab-97d1-4db3-bd72-a15fbc459cb1
temperature,ABC123,-1.2,-1.2,Farenheit,Celsius,GradeTypes.CORRECT,2023-10-01 04:00 PM,7556ffd4-e4b9-497f-8df4-6e08775114c6
temperature,ABC123,-1.2,-1.1,Farenheit,Celsius,GradeTypes.INCORRECT,2023-10-01 04:00 PM,70195237-b65a-46eb-9b5f-7ee72c392a7b
temperature,ABC123,-1.256,-1.278,Farenheit,Celsius,GradeTypes.CORRECT,2023-10-01 04:00 PM,d4f60c2f-2bff-4808-9a44-cf1adc805033
temperature,ABC123,-1.256,-1.1222,Farenheit,Celsius,GradeTypes.INCORRECT,2023-10-01 04:00 PM,7682d9ae-be9a-489f-bbd7-a71a1ba4a03f
temperature,ABC123,1.2,1.2,Farenheit,dog,GradeTypes.INVALID,2023-10-01 04:00 PM,0bdb6c04-f6d3-429c-b949-6d6021d86fb6
temperature,ABC123,1.2,1.2,dog,Celsius,GradeTypes.INVALID,2023-10-01 04:00 PM,8b4a75f4-499f-43bc-8142-33e556e3973a
temperature,ABC123,1,0,Farenheit,Celsius,GradeTypes.INCORRECT,2023-10-01 04:00 PM,605d0c4c-7e73-4afa-a573-5f9bfdd8e4a7
temperature,ABC123,1.2,1.2,Farenheit,Celsius,GradeTypes.CORRECT,2023-10-01 04:00 PM,a80455c7-9a31-49a9-91ee-505467fe7e0c
temperature,ABC123,1.2,1.1,Farenheit,Celsius,GradeTypes.INCORRECT,2023-10-01 04:00 PM,a833a44e-30c1-4056-97ff-8a5fc027de87
temperature,ABC123,1.256,1.278,Farenheit,Celsius,GradeTypes.CORRECT,2023-10-01 04:00 PM,c80c2e57-b90d-4fbb-995c-ab71f6a78513
temperature,ABC123,1.256,1.1222,Farenheit,Celsius,GradeTypes.INCORRECT,2023-10-01 04:00 PM,eb669bc9-b408-47df-be08-65cb45d92412
temperature,ABC123,-1.2,-1.2,Farenheit,Celsius,GradeTypes.CORRECT,2023-10-01 04:00 PM,aff64f98-a77a-44bb-9487-3371148181b5
temperature,ABC123,-1.2,-1.1,Farenheit,Celsius,GradeTypes.INCORRECT,2023-10-01 04:00 PM,452caf85-00ef-49de-9115-a63b5e6a8ea4
temperature,ABC123,-1.256,-1.278,Farenheit,Celsius,GradeTypes.CORRECT,2023-10-01 04:00 PM,56cb6157-5f48-4de7-9d5d-81c7b1a29c49
temperature,ABC123,-1.256,-1.1222,Farenheit,Celsius,GradeTypes.INCORRECT,2023-10-01 04:00 PM,26a7d735-1f8a-46dc-8a6f-f4bbb4aa3f06
temperature,ABC123,1.2,1.2,Farenheit,dog,GradeTypes.INVALID,2023-10-01 04:00 PM,68b80efd-4545-4ddc-bd43-3bdc242d6808
temperature,ABC123,1.2,1.2,dog,Celsius,GradeTypes.INVALID,2023-10-01 04:00 PM,79544287-f3da-4697-8785-0b613448f5d8
temperature,ABC123,1,0,Farenheit,Celsius,GradeTypes.INCORRECT,2023-10-01 04:00 PM,021eecf0-3945-415d-a34d-4fd285f96ec7
temperature,ABC123,1.2,1.2,Farenheit,Celsius,GradeTypes.CORRECT,2023-10-01 04:00 PM,e8f87847-1385-46a9-88d7-ddc455ba5772
temperature,ABC123,1.2,1.1,Farenheit,Celsius,GradeTypes.INCORRECT,2023-10-01 04:00 PM,6c47bbef-032f-4f0a-a95d-8f617221daee
temperature,ABC123,1.256,1.278,Farenheit,Celsius,GradeTypes.CORRECT,2023-10-01 04:00 PM,4104979e-6c8f-47d6-bff4-c85d3d0475c4
temperature,ABC123,1.256,1.1222,Farenheit,Celsius,GradeTypes.INCORRECT,2023-10-01 04:00 PM,33e93efa-849e-4f6e-b3f5-7c71912b4480
temperature,ABC123,-1.2,-1.2,Farenheit,Celsius,GradeTypes.CORRECT,2023-10-01 04:00 PM,72308aba-0c33-45cb-8b86-95b359cef3dc
temperature,ABC123,-1.2,-1.1,Farenheit,Celsius,GradeTypes.INCORRECT,2023-10-01 04:00 PM,6e4917f1-bdc0-4dc7-9fde-5c11e9d6017c
temperature,ABC123,-1.256,-1.278,Farenheit,Celsius,GradeTypes.CORRECT,2023-10-01 04:00 PM,91371155-1bf1-4afe-b4c8-c479e73783ec
temperature,ABC123,-1.256,-1.1222,Farenheit,Celsius,GradeTypes.INCORRECT,2023-10-01 04:00 PM,c0be0a23-0ef6-4403-aba3-f88ca88e2bd3
temperature,ABC123,1.2,1.2,Farenheit,dog,GradeTypes.INVALID,2023-10-01 04:00 PM,12c63a81-f126-4047-9ec5-578e004ad9d0
temperature,ABC123,1.2,1.2,dog,Celsius,GradeTypes.INVALID,2023-10-01 04:00 PM,b17d8488-e0a7-4365-bc05-c1796daa2ecc
temperature,ABC123,1,0,Farenheit,Celsius,GradeTypes.INCORRECT,2023-10-01 04:00 PM,ff833437-6bb8-4d63-a3c1-c678a5780cca
temperature,ABC123,1.2,1.2,Farenheit,Celsius,GradeTypes.CORRECT,2023-10-01 04:00 PM,d21cbdd3-a4d2-4ad4-971c-00ce3d6ac602
temperature,ABC123,1.2,1.1,Farenheit,Celsius,GradeTypes.INCORRECT,2023-10-01 04:00 PM,e0fe95ab-2136-4145-a1a9-c423979cae01
temperature,ABC123,1.256,1.278,Farenheit,Celsius,GradeTypes.CORRECT,2023-10-01 04:00 PM,4b2882fe-5246-4e38-b889-2825ff147781
temperature,ABC123,1.256,1.1222,Farenheit,Celsius,GradeTypes.INCORRECT,2023-10-01 04:00 PM,0c190872-c473-43d6-997d-ead6a0d994af
temperature,ABC123,-1.2,-1.2,Farenheit,Celsius,GradeTypes.CORRECT,2023-10-01 04:00 PM,2e38cc8b-72d5-4939-add6-f4079b83187b
temperature,ABC123,-1.2,-1.1,Farenheit,Celsius,GradeTypes.INCORRECT,2023-10-01 04:00 PM,7c2f8d4e-e411-4378-95c1-0d1321ddc68f
temperature,ABC123,-1.256,-1.278,Farenheit,Celsius,GradeTypes.CORRECT,2023-10-01 04:00 PM,e48c25de-d2de-444e-92af-82de1dfd4c9f
temperature,ABC123,-1.256,-1.1222,Farenheit,Celsius,GradeTypes.INCORRECT,2023-10-01 04:00 PM,c9367b73-775f-4d8e-b71c-057446175207
temperature,ABC123,1.2,1.2,Farenheit,dog,GradeTypes.INVALID,2023-10-01 04:00 PM,d7fb3589-5844-4bd3-8bff-82e11534e153
temperature,ABC123,1.2,1.2,dog,Celsius,GradeTypes.INVALID,2023-10-01 04:00 PM,c7dfabd4-5fd7-4e65-9e07-7b4d7d23fd14
temperature,ABC123,1,0,Farenheit,Celsius,GradeTypes.INCORRECT,2023-10-01 04:00 PM,e0d1d138-01b6-4518-af17-17f0b0acae03
temperature,ABC123,1.2,1.2,Farenheit,Celsius,GradeTypes.CORRECT,2023-10-01 04:00 PM,f724d126-3078-4be8-afd6-238c23d58af7
temperature,ABC123,1.2,1.1,Farenheit,Celsius,GradeTypes.INCORRECT,2023-10-01 04:00 PM,4c0b98cc-31fe-4f7e-9db8-c38b36cff5f2
temperature,ABC123,1.256,1.278,Farenheit,Celsius,GradeTypes.CORRECT,2023-10-01 04:00 PM,f9807bc8-96df-458e-af38-fda6d5da5bbb
temperature,ABC123,1.256,1.1222,Farenheit,Celsius,GradeTypes.INCORRECT,2023-10-01 04:00 PM,28ee155a-f529-46b4-8f85-ac6453b2b3b3
temperature,ABC123,-1.2,-1.2,Farenheit,Celsius,GradeTypes.CORRECT,2023-10-01 04:00 PM,eb087e56-07d2-4cb7-9d16-1929fa739d82
temperature,ABC123,-1.2,-1.1,Farenheit,Celsius,GradeTypes.INCORRECT,2023-10-01 04:00 PM,32963939-e4c8-4351-a7d2-9093d08dd556
temperature,ABC123,-1.256,-1.278,Farenheit,Celsius,GradeTypes.CORRECT,2023-10-01 04:00 PM,06ed85ab-2ab5-4e31-ae4d-240de729e8a3
temperature,ABC123,-1.256,-1.1222,Farenheit,Celsius,GradeTypes.INCORRECT,2023-10-01 04:00 PM,659734da-5923-4794-8400-673ed5543bfd
temperature,ABC123,1.2,1.2,Farenheit,dog,GradeTypes.INVALID,2023-10-01 04:00 PM,4b756a59-2d03-4a09-9821-0bb3f064263e
temperature,ABC123,1.2,1.2,dog,Celsius,GradeTypes.INVALID,2023-10-01 04:00 PM,40e9c6d0-8b28-415b-ac19-6e47ae799c88
temperature,ABC123,1,0,Farenheit,Celsius,GradeTypes.INCORRECT,2023-10-01 04:00 PM,b14d9a45-2bd5-4ae7-9f88-c15e5612b40a
temperature,ABC123,1.2,1.2,Farenheit,Celsius,GradeTypes.CORRECT,2023-10-01 04:00 PM,8592660b-d8c1-4803-b1e8-bd8d7cbd2fee
temperature,ABC123,1.2,1.1,Farenheit,Celsius,GradeTypes.INCORRECT,2023-10-01 04:00 PM,f48cee08-318b-43c0-94c0-e152dcec429a
temperature,ABC123,1.256,1.278,Farenheit,Celsius,GradeTypes.CORRECT,2023-10-01 04:00 PM,c3a05b06-6c34-4553-ac4f-823715dcb02f
temperature,ABC123,1.256,1.1222,Farenheit,Celsius,GradeTypes.INCORRECT,2023-10-01 04:00 PM,b822bef4-06df-4c8a-a6d6-4bb3b8bde851
temperature,ABC123,-1.2,-1.2,Farenheit,Celsius,GradeTypes.CORRECT,2023-10-01 04:00 PM,bdee8979-f9c3-41c3-b884-371b61cc145a
temperature,ABC123,-1.2,-1.1,Farenheit,Celsius,GradeTypes.INCORRECT,2023-10-01 04:00 PM,ee7a4587-c103-4987-9673-55eb556c65cf
temperature,ABC123,-1.256,-1.278,Farenheit,Celsius,GradeTypes.CORRECT,2023-10-01 04:00 PM,b598925b-9ca5-4169-9c9f-d60e43eb0c60
temperature,ABC123,-1.256,-1.1222,Farenheit,Celsius,GradeTypes.INCORRECT,2023-10-01 04:00 PM,6e3febd2-f3d6-4fac-a716-ffc01438acd9
temperature,ABC123,1.2,1.2,Farenheit,dog,GradeTypes.INVALID,2023-10-01 04:00 PM,f35072af-22eb-4f77-aba7-aa3fc8966953
temperature,ABC123,1.2,1.2,dog,Celsius,GradeTypes.INVALID,2023-10-01 04:00 PM,2cb7c08d-60f5-499a-9880-e2c83ddcc8ef
temperature,ABC123,1,0,Farenheit,Celsius,GradeTypes.INCORRECT,2023-10-01 04:00 PM,4e26aa08-90e3-4b15-a9c2-49d21bb0de88
temperature,ABC123,1.2,1.2,Farenheit,Celsius,GradeTypes.CORRECT,2023-10-01 04:00 PM,744d801e-5770-4fed-8851-3581037ce3fd
temperature,ABC123,1.2,1.1,Farenheit,Celsius,GradeTypes.INCORRECT,2023-10-01 04:00 PM,7e7639e6-0bb8-40a8-8f30-ae104dc6de45
temperature,ABC123,1.256,1.278,Farenheit,Celsius,GradeTypes.CORRECT,2023-10-01 04:00 PM,f8372ffe-8708-4d99-b16c-a0095f68e6c9
temperature,ABC123,1.256,1.1222,Farenheit,Celsius,GradeTypes.INCORRECT,2023-10-01 04:00 PM,a68b76bd-6152-4de9-a88c-f9743f1995c7
temperature,ABC123,-1.2,-1.2,Farenheit,Celsius,GradeTypes.CORRECT,2023-10-01 04:00 PM,ebbb93a5-d452-4521-a35f-5474a62f0c5b
temperature,ABC123,-1.2,-1.1,Farenheit,Celsius,GradeTypes.INCORRECT,2023-10-01 04:00 PM,c864e4ae-9733-4c0c-a649-e925fa3bd508
temperature,ABC123,-1.256,-1.278,Farenheit,Celsius,GradeTypes.CORRECT,2023-10-01 04:00 PM,cc95fbf8-efea-4cfb-87f3-587ce26e740c
temperature,ABC123,-1.256,-1.1222,Farenheit,Celsius,GradeTypes.INCORRECT,2023-10-01 04:00 PM,9190c393-a0b5-4b23-b364-e1225790ad39
temperature,ABC123,1.2,1.2,Farenheit,dog,GradeTypes.INVALID,2023-10-01 04:00 PM,e9194713-9f63-4704-a314-6cade0ba62c6
temperature,ABC123,1.2,1.2,dog,Celsius,GradeTypes.INVALID,2023-10-01 04:00 PM,cae22251-9265-4948-b50d-27abdd99a6d2
temperature,ABC123,1,0,Farenheit,Celsius,GradeTypes.INCORRECT,2023-10-01 04:00 PM,ff081779-818f-41ed-af82-67f2584584bb
temperature,ABC123,1.2,1.2,Farenheit,Celsius,GradeTypes.CORRECT,2023-10-01 04:00 PM,b8086eb7-6529-44f5-805e-2ad5e8c3088c
temperature,ABC123,1.2,1.1,Farenheit,Celsius,GradeTypes.INCORRECT,2023-10-01 04:00 PM,eb7ec48d-02c6-48c3-9920-1539151178fe
temperature,ABC123,1.256,1.278,Farenheit,Celsius,GradeTypes.CORRECT,2023-10-01 04:00 PM,7539eb0d-202d-4597-a61f-e4aed2975dbc
temperature,ABC123,1.256,1.1222,Farenheit,Celsius,GradeTypes.INCORRECT,2023-10-01 04:00 PM,1bd845c3-30c0-451e-b62d-b06797e3764d
temperature,ABC123,-1.2,-1.2,Farenheit,Celsius,GradeTypes.CORRECT,2023-10-01 04:00 PM,51dbdbbf-3cc7-4d06-bcb9-ae74f0f7c36d
temperature,ABC123,-1.2,-1.1,Farenheit,Celsius,GradeTypes.INCORRECT,2023-10-01 04:00 PM,e47ecf31-ebc5-4323-8e1f-66c0c2975118
temperature,ABC123,-1.256,-1.278,Farenheit,Celsius,GradeTypes.CORRECT,2023-10-01 04:00 PM,32e7bcf5-05bb-4a06-8e1a-254fbee1b09f
temperature,ABC123,-1.256,-1.1222,Farenheit,Celsius,GradeTypes.INCORRECT,2023-10-01 04:00 PM,2a169972-b32c-4906-8195-5cb93de4152f
temperature,ABC123,1.2,1.2,Farenheit,dog,GradeTypes.INVALID,2023-10-01 04:00 PM,74454e45-98bc-4942-872f-8f7a91fa0a22
temperature,ABC123,1.2,1.2,dog,Celsius,GradeTypes.INVALID,2023-10-01 04:00 PM,a27e583c-a89f-4719-aa73-ae57d05350cd
temperature,ABC123,1,0,Farenheit,Celsius,GradeTypes.INCORRECT,2023-10-01 04:00 PM,0c147a13-d4a1-455a-a884-491b0cae9303
temperature,ABC123,1.2,1.2,Farenheit,Celsius,GradeTypes.CORRECT,2023-10-01 04:00 PM,e787b462-f5b8-46eb-a0b7-441159ccf1cf
temperature,ABC123,1.2,1.1,Farenheit,Celsius,GradeTypes.INCORRECT,2023-10-01 04:00 PM,c284d7a9-4bbe-4859-8ff1-2997eefe9e78
temperature,ABC123,1.256,1.278,Farenheit,Celsius,GradeTypes.CORRECT,2023-10-01 04:00 PM,513ca1d4-fa0c-4b7e-b7f0-f932d0a878a8
temperature,ABC123,1.256,1.1222,Farenheit,Celsius,GradeTypes.INCORRECT,2023-10-01 04:00 PM,3477d43f-d7c8-4403-8bf0-f8338b6e5719
temperature,ABC123,-1.2,-1.2,Farenheit,Celsius,GradeTypes.CORRECT,2023-10-01 04:00 PM,d7c31596-30d6-4a53-91f2-f1d15448a001
temperature,ABC123,-1.2,-1.1,Farenheit,Celsius,GradeTypes.INCORRECT,2023-10-01 04:00 PM,8164fa79-61c9-4ede-9825-a40a06bafc8e
temperature,ABC123,-1.256,-1.278,Farenheit,Celsius,GradeTypes.CORRECT,2023-10-01 04:00 PM,7ffa0d82-8bf4-4bbc-89ff-df4cb9e11645
temperature,ABC123,-1.256,-1.1222,Farenheit,Celsius,GradeTypes.INCORRECT,2023-10-01 04:00 PM,8302e567-e0df-4f5a-acc2-93d7b74a8a17
temperature,ABC123,1.2,1.2,Farenheit,dog,GradeTypes.INVALID,2023-10-01 04:00 PM,1f13c86c-4632-438c-8cd9-5d0ce11f0ebc
temperature,ABC123,1.2,1.2,dog,Celsius,GradeTypes.INVALID,2023-10-01 04:00 PM,2e383239-3aa3-404a-bcd1-fb890648a898
temperature,ABC123,1,0,Farenheit,Celsius,GradeTypes.INCORRECT,2023-10-01 04:00 PM,b3d058a2-05dd-4ffe-ad9d-4f40cef2164b
temperature,ABC123,1.2,1.2,Farenheit,Celsius,GradeTypes.CORRECT,2023-10-01 04:00 PM,91c36c00-527e-4549-8e89-1015c272fb33
temperature,ABC123,1.2,1.1,Farenheit,Celsius,GradeTypes.INCORRECT,2023-10-01 04:00 PM,e94c9143-bb07-4cb8-9f4e-74e7a37bf050
temperature,ABC123,1.256,1.278,Farenheit,Celsius,GradeTypes.CORRECT,2023-10-01 04:00 PM,b19112ae-9376-4afb-b725-17bf290461d1
temperature,ABC123,1.256,1.1222,Farenheit,Celsius,GradeTypes.INCORRECT,2023-10-01 04:00 PM,9322c74a-5d6d-4a9a-8434-8e43bde92483
temperature,ABC123,-1.2,-1.2,Farenheit,Celsius,GradeTypes.CORRECT,2023-10-01 04:00 PM,5504c0dc-b41e-4706-9fe0-ce34c225f826
temperature,ABC123,-1.2,-1.1,Farenheit,Celsius,GradeTypes.INCORRECT,2023-10-01 04:00 PM,6c0145e2-7091-4717-b734-4aad375b1166
temperature,ABC123,-1.256,-1.278,Farenheit,Celsius,GradeTypes.CORRECT,2023-10-01 04:00 PM,2685392d-a806-439c-8a05-7771b88e9511
temperature,ABC123,-1.256,-1.1222,Farenheit,Celsius,GradeTypes.INCORRECT,2023-10-01 04:00 PM,5c3381b1-088c-4735-a1be-4694e15f95b5
temperature,ABC123,1.2,1.2,Farenheit,dog,GradeTypes.INVALID,2023-10-01 04:00 PM,2344a8bd-f006-402d-8602-5474dd7c0482
temperature,ABC123,1.2,1.2,dog,Celsius,GradeTypes.INVALID,2023-10-01 04:00 PM,c14f87e2-263a-4d93-85ce-a4edac08f0de
temperature,ABC123,1,0,Farenheit,Celsius,GradeTypes.INCORRECT,2023-10-01 04:00 PM,83b1c249-dce7-40b8-a5a2-dc307ff80769
temperature,ABC123,1.2,1.2,Farenheit,Celsius,GradeTypes.CORRECT,2023-10-01 04:00 PM,4384a593-df3c-44bb-a4e1-4ca67c4f4690
temperature,ABC123,1.2,1.1,Farenheit,Celsius,GradeTypes.INCORRECT,2023-10-01 04:00 PM,508db0f4-facf-4ce9-a56d-b4ba11a9228f
temperature,ABC123,1.256,1.278,Farenheit,Celsius,GradeTypes.CORRECT,2023-10-01 04:00 PM,6b07b8d4-5266-467a-943b-5bfa5cd6e5c2
temperature,ABC123,1.256,1.1222,Farenheit,Celsius,GradeTypes.INCORRECT,2023-10-01 04:00 PM,b2a62ce6-6f95-41fb-9c5a-713cd198f718
temperature,ABC123,-1.2,-1.2,Farenheit,Celsius,GradeTypes.CORRECT,2023-10-01 04:00 PM,29eac032-f6d1-49a9-aea4-787689b2b47f
temperature,ABC123,-1.2,-1.1,Farenheit,Celsius,GradeTypes.INCORRECT,2023-10-01 04:00 PM,0c758bab-3f0a-4001-bb64-f60a947d0d2c
temperature,ABC123,-1.256,-1.278,Farenheit,Celsius,GradeTypes.CORRECT,2023-10-01 04:00 PM,69d72daa-46f4-4f8f-8c97-465e2aac823b
temperature,ABC123,-1.256,-1.1222,Farenheit,Celsius,GradeTypes.INCORRECT,2023-10-01 04:00 PM,dfbabe34-789d-4d90-b4f8-461abfd0a953
temperature,ABC123,1.2,1.2,Farenheit,dog,GradeTypes.INVALID,2023-10-01 04:00 PM,ac90666d-47a0-49c9-bba9-cacb76c49768
temperature,ABC123,1.2,1.2,dog,Celsius,GradeTypes.INVALID,2023-10-01 04:00 PM,38edf0c8-ae9f-4435-8f5e-462f866248e7
temperature,ABC123,1,0,Farenheit,Celsius,GradeTypes.INCORRECT,2023-10-01 04:00 PM,5d920d99-1093-49cc-af26-9bae41626d0a
temperature,ABC123,1.2,1.2,Farenheit,Celsius,GradeTypes.CORRECT,2023-10-01 04:00 PM,a6faa30f-77fb-47ba-b33c-298bbf3d5423
temperature,ABC123,1.2,1.1,Farenheit,Celsius,GradeTypes.INCORRECT,2023-10-01 04:00 PM,7f36e7e4-eaac-41b2-9b81-768a49cce550
temperature,ABC123,1.256,1.278,Farenheit,Celsius,GradeTypes.CORRECT,2023-10-01 04:00 PM,117f6802-a44a-463e-ae08-2f6ccc3b39d9
temperature,ABC123,1.256,1.1222,Farenheit,Celsius,GradeTypes.INCORRECT,2023-10-01 04:00 PM,d6a3ebae-acdd-49c6-91e7-b838ebc3ecdc
temperature,ABC123,-1.2,-1.2,Farenheit,Celsius,GradeTypes.CORRECT,2023-10-01 04:00 PM,1b9dfb82-9863-4961-bc6a-4219c5e57ea1
temperature,ABC123,-1.2,-1.1,Farenheit,Celsius,GradeTypes.INCORRECT,2023-10-01 04:00 PM,9303492f-0196-4a27-a79b-b210db934bf1
temperature,ABC123,-1.256,-1.278,Farenheit,Celsius,GradeTypes.CORRECT,2023-10-01 04:00 PM,2de32a47-f10c-4d53-bbb2-35a018d1c72b
temperature,ABC123,-1.256,-1.1222,Farenheit,Celsius,GradeTypes.INCORRECT,2023-10-01 04:00 PM,14291272-23d0-4df6-9360-7deb7341eaed
temperature,ABC123,1.2,1.2,Farenheit,dog,GradeTypes.INVALID,2023-10-01 04:00 PM,30f9b63b-9830-4639-bf53-253d501588b7
temperature,ABC123,1.2,1.2,dog,Celsius,GradeTypes.INVALID,2023-10-01 04:00 PM,d01e001c-89e0-4c22-894b-111a968d6d0d
temperature,ABC123,1,0,Farenheit,Celsius,GradeTypes.INCORRECT,2023-10-01 04:00 PM,1f0b8ec6-f880-4f53-8cfc-91e044f19789
temperature,ABC123,1.2,1.2,Farenheit,Celsius,GradeTypes.CORRECT,2023-10-01 04:00 PM,44d4c75d-402c-493f-8ac1-151ee0192dd3
temperature,ABC123,1.2,1.1,Farenheit,Celsius,GradeTypes.INCORRECT,2023-10-01 04:00 PM,a2597373-a7ff-4821-8c24-50a4dd9ba973
temperature,ABC123,1.256,1.278,Farenheit,Celsius,GradeTypes.CORRECT,2023-10-01 04:00 PM,1398235f-8120-4807-a0af-815781dd12e8
temperature,ABC123,1.256,1.1222,Farenheit,Celsius,GradeTypes.INCORRECT,2023-10-01 04:00 PM,a24edc01-f5e7-490c-a457-e1ab935d30cf
temperature,ABC123,-1.2,-1.2,Farenheit,Celsius,GradeTypes.CORRECT,2023-10-01 04:00 PM,1b0e796b-d62f-4f4e-8361-2b9c53b18127
temperature,ABC123,-1.2,-1.1,Farenheit,Celsius,GradeTypes.INCORRECT,2023-10-01 04:00 PM,daaa4997-84e2-41d1-939b-5bb8df366441
temperature,ABC123,-1.256,-1.278,Farenheit,Celsius,GradeTypes.CORRECT,2023-10-01 04:00 PM,7eb4d7d7-d1d0-4c9c-8a03-33fb54a0919f
temperature,ABC123,-1.256,-1.1222,Farenheit,Celsius,GradeTypes.INCORRECT,2023-10-01 04:00 PM,e5c2c155-cbfe-4e1a-995d-6d86d626ff5b
temperature,ABC123,1.2,1.2,Farenheit,dog,GradeTypes.INVALID,2023-10-01 04:00 PM,bbd453e5-14d5-4813-9b11-6e96b5765fe3
temperature,ABC123,1.2,1.2,dog,Celsius,GradeTypes.INVALID,2023-10-01 04:00 PM,4e918c25-51ef-4689-a4a0-96a4f3cb7bef
temperature,ABC123,1,0,Farenheit,Celsius,GradeTypes.INCORRECT,2023-10-01 04:00 PM,13637544-a5e2-4756-a0b5-8a89e2307476
temperature,ABC123,1.2,1.2,Farenheit,Celsius,GradeTypes.CORRECT,2023-10-01 04:00 PM,bc13b9b5-3128-4457-88c1-79183439c71c
temperature,ABC123,1.2,1.1,Farenheit,Celsius,GradeTypes.INCORRECT,2023-10-01 04:00 PM,53f982d8-3b76-4dc3-b84d-770ac2bd81d2
temperature,ABC123,1.256,1.278,Farenheit,Celsius,GradeTypes.CORRECT,2023-10-01 04:00 PM,a76cabc5-98ef-4e65-b54e-ad730c878dfa
temperature,ABC123,1.256,1.1222,Farenheit,Celsius,GradeTypes.INCORRECT,2023-10-01 04:00 PM,6638899a-3eec-494d-a529-df2362fc68bc
temperature,ABC123,-1.2,-1.2,Farenheit,Celsius,GradeTypes.CORRECT,2023-10-01 04:00 PM,56906d97-1975-4b87-889b-016a17e09d95
temperature,ABC123,-1.2,-1.1,Farenheit,Celsius,GradeTypes.INCORRECT,2023-10-01 04:00 PM,45a26681-7d53-4b4d-a8c6-9ef74cc1a06f
temperature,ABC123,-1.256,-1.278,Farenheit,Celsius,GradeTypes.CORRECT,2023-10-01 04:00 PM,1c123d92-a28c-4aa5-8f68-ed1e3e214435
temperature,ABC123,-1.256,-1.1222,Farenheit,Celsius,GradeTypes.INCORRECT,2023-10-01 04:00 PM,5d88f2f2-fb2a-4e21-82fc-19e00498695f
temperature,ABC123,1.2,1.2,Farenheit,dog,GradeTypes.INVALID,2023-10-01 04:00 PM,63001fd2-1c78-4cf4-a55f-969ce51dd24c
temperature,ABC123,1.2,1.2,dog,Celsius,GradeTypes.INVALID,2023-10-01 04:00 PM,e1abcbd2-6eff-471e-9e3c-13367b44a9bc
temperature,ABC123,1,0,Farenheit,Celsius,GradeTypes.INCORRECT,2023-10-01 04:00 PM,2ca17e11-7f36-430a-a9d8-541d27649c41
temperature,ABC123,1.2,1.2,Farenheit,Celsius,GradeTypes.CORRECT,2023-10-01 04:00 PM,7ac5d65a-005b-4f50-8e55-ca9626b1e8ea
temperature,ABC123,1.2,1.1,Farenheit,Celsius,GradeTypes.INCORRECT,2023-10-01 04:00 PM,15f27d96-2a34-4d26-a6a0-466821e9ab63
temperature,ABC123,1.256,1.278,Farenheit,Celsius,GradeTypes.CORRECT,2023-10-01 04:00 PM,2d13c3e1-cce0-47c8-80c0-c40f69976dfc
temperature,ABC123,1.256,1.1222,Farenheit,Celsius,GradeTypes.INCORRECT,2023-10-01 04:00 PM,fafd45d2-2c52-468f-87d1-2a896baef779
temperature,ABC123,-1.2,-1.2,Farenheit,Celsius,GradeTypes.CORRECT,2023-10-01 04:00 PM,6d94979f-3610-497c-b4cc-0a6621e04192
temperature,ABC123,-1.2,-1.1,Farenheit,Celsius,GradeTypes.INCORRECT,2023-10-01 04:00 PM,a9e3d5ed-a040-4d6b-8b72-70f749e85c2e
temperature,ABC123,-1.256,-1.278,Farenheit,Celsius,GradeTypes.CORRECT,2023-10-01 04:00 PM,fecf0599-55a8-4aee-b243-aca998cbc954
temperature,ABC123,-1.256,-1.1222,Farenheit,Celsius,GradeTypes.INCORRECT,2023-10-01 04:00 PM,95d42a98-145e-4e09-ab72-bedb6b4d7c25
temperature,ABC123,1.2,1.2,Farenheit,dog,GradeTypes.INVALID,2023-10-01 04:00 PM,029325e7-f668-4476-bd00-2188e6c40c23
temperature,ABC123,1.2,1.2,dog,Celsius,GradeTypes.INVALID,2023-10-01 04:00 PM,64bf624a-1989-47bb-b1f0-f24e5d5b2a87
temperature,ABC123,1,0,Farenheit,Celsius,GradeTypes.INCORRECT,2023-10-01 04:00 PM,55161bc8-4b08-4774-b785-afb30a7b7924
temperature,ABC123,1.2,1.2,Farenheit,Celsius,GradeTypes.CORRECT,2023-10-01 04:00 PM,72179a65-af8a-4f22-82b0-5df7bbae1ff4
temperature,ABC123,1.2,1.1,Farenheit,Celsius,GradeTypes.INCORRECT,2023-10-01 04:00 PM,cf8d537a-537f-4dc2-adce-b8c7f2a63bff
temperature,ABC123,1.256,1.278,Farenheit,Celsius,GradeTypes.CORRECT,2023-10-01 04:00 PM,bfcbd95a-1417-4488-81e9-c63ac1e3464a
temperature,ABC123,1.256,1.1222,Farenheit,Celsius,GradeTypes.INCORRECT,2023-10-01 04:00 PM,4078f4b8-3f10-46ae-9a51-d7d08f59e395
temperature,ABC123,-1.2,-1.2,Farenheit,Celsius,GradeTypes.CORRECT,2023-10-01 04:00 PM,3509cd41-f779-4f43-add6-9e8342ab1c5a
temperature,ABC123,-1.2,-1.1,Farenheit,Celsius,GradeTypes.INCORRECT,2023-10-01 04:00 PM,39eef1a6-5b1d-4bb6-b83d-d3cb7cf35b15
temperature,ABC123,-1.256,-1.278,Farenheit,Celsius,GradeTypes.CORRECT,2023-10-01 04:00 PM,a91683ff-3b48-4a1f-a474-652f8b29052c
temperature,ABC123,-1.256,-1.1222,Farenheit,Celsius,GradeTypes.INCORRECT,2023-10-01 04:00 PM,9f5e41e4-eb28-4c08-90ea-c71d21e686eb
temperature,ABC123,1.2,1.2,Farenheit,dog,GradeTypes.INVALID,2023-10-01 04:00 PM,e74e39cc-f0e4-48c0-80df-754f76b23ceb
temperature,ABC123,1.2,1.2,dog,Celsius,GradeTypes.INVALID,2023-10-01 04:00 PM,6ff3930e-cdf1-47d1-a0ec-ae8aec890767
temperature,ABC123,1,0,Farenheit,Celsius,GradeTypes.INCORRECT,2023-10-01 04:00 PM,cf84c1f8-d7dc-46e5-9825-8a41e4c81b65
temperature,ABC123,1.2,1.2,Farenheit,Celsius,GradeTypes.CORRECT,2023-10-01 04:00 PM,379872c7-7636-4050-a0fe-7a32cf217d79
temperature,ABC123,1.2,1.1,Farenheit,Celsius,GradeTypes.INCORRECT,2023-10-01 04:00 PM,d27dcb7f-550d-4de9-a7a3-60ec414d4650
temperature,ABC123,1.256,1.278,Farenheit,Celsius,GradeTypes.CORRECT,2023-10-01 04:00 PM,0524a97a-7ddb-4b43-a7b8-d9d5096ddd80
temperature,ABC123,1.256,1.1222,Farenheit,Celsius,GradeTypes.INCORRECT,2023-10-01 04:00 PM,d8e248b9-0beb-4ab5-a1a5-969755283232
temperature,ABC123,-1.2,-1.2,Farenheit,Celsius,GradeTypes.CORRECT,2023-10-01 04:00 PM,fae0f669-9ad7-4c09-b616-56cb1607689f
temperature,ABC123,-1.2,-1.1,Farenheit,Celsius,GradeTypes.INCORRECT,2023-10-01 04:00 PM,a8ad1fc1-5b18-4e2a-bff3-a19cdf87e02a
temperature,ABC123,-1.256,-1.278,Farenheit,Celsius,GradeTypes.CORRECT,2023-10-01 04:00 PM,65c0ee14-34d3-475b-ab9e-3ddb59ce3457
temperature,ABC123,-1.256,-1.1222,Farenheit,Celsius,GradeTypes.INCORRECT,2023-10-01 04:00 PM,46423347-3e71-4350-b0ef-738f65021c96
temperature,ABC123,1.2,1.2,Farenheit,dog,GradeTypes.INVALID,2023-10-01 04:00 PM,18ea7a61-0129-4d7c-b7b2-d94eadbb8037
temperature,ABC123,1.2,1.2,dog,Celsius,GradeTypes.INVALID,2023-10-01 04:00 PM,60a106d5-81ff-404b-960e-2b9ec92f2eca
temperature,ABC123,1,0,Farenheit,Celsius,GradeTypes.INCORRECT,2023-10-01 04:00 PM,be5dd547-5a7f-483b-9fb4-716e7425f1a6
temperature,ABC123,1.2,1.2,Farenheit,Celsius,GradeTypes.CORRECT,2023-10-01 04:00 PM,c48e72be-f7d4-4d64-8c15-9179205a9382
temperature,ABC123,1.2,1.1,Farenheit,Celsius,GradeTypes.INCORRECT,2023-10-01 04:00 PM,9b3aa017-ad32-4b46-8636-227e1ff8781a
temperature,ABC123,1.256,1.278,Farenheit,Celsius,GradeTypes.CORRECT,2023-10-01 04:00 PM,b123dfb4-36c7-4b8a-9e49-260c9413ec72
temperature,ABC123,1.256,1.1222,Farenheit,Celsius,GradeTypes.INCORRECT,2023-10-01 04:00 PM,61eeb0f7-86b3-41bc-8934-95af632dc4ce
temperature,ABC123,-1.2,-1.2,Farenheit,Celsius,GradeTypes.CORRECT,2023-10-01 04:00 PM,e1ddabbf-2849-4eab-a8fb-fa520a54a164
temperature,ABC123,-1.2,-1.1,Farenheit,Celsius,GradeTypes.INCORRECT,2023-10-01 04:00 PM,7d1afbc2-0d8b-4642-89c3-3cecf9024dfc
temperature,ABC123,-1.256,-1.278,Farenheit,Celsius,GradeTypes.CORRECT,2023-10-01 04:00 PM,bb58b224-700a-4257-90b1-486bfed6df44
temperature,ABC123,-1.256,-1.1222,Farenheit,Celsius,GradeTypes.INCORRECT,2023-10-01 04:00 PM,32e2e3d9-a3a9-40d7-aeb3-97e8c5bfb4bb
temperature,ABC123,1.2,1.2,Farenheit,dog,GradeTypes.INVALID,2023-10-01 04:00 PM,5ec94019-f96a-47f3-b97d-b74d04f834bf
temperature,ABC123,1.2,1.2,dog,Celsius,GradeTypes.INVALID,2023-10-01 04:00 PM,c82c883c-7fd9-4656-9b54-18d2efae0d0b
temperature,ABC123,1,0,Farenheit,Celsius,GradeTypes.INCORRECT,2023-10-01 04:00 PM,57e89759-4c93-4e8f-97d8-8e3015bde4be
temperature,ABC123,1.2,1.2,Farenheit,Celsius,GradeTypes.CORRECT,2023-10-01 04:00 PM,7e0e6f1e-b205-43a2-a468-024998b20a81
temperature,ABC123,1.2,1.1,Farenheit,Celsius,GradeTypes.INCORRECT,2023-10-01 04:00 PM,624c89b8-cd8c-4f48-8bed-85d58642a00b
temperature,ABC123,1.256,1.278,Farenheit,Celsius,GradeTypes.CORRECT,2023-10-01 04:00 PM,447c2233-b1d1-47df-b859-984f2bd0b573
temperature,ABC123,1.256,1.1222,Farenheit,Celsius,GradeTypes.INCORRECT,2023-10-01 04:00 PM,5dfc7c27-4e4e-4bae-becf-e7bb3fbdb765
temperature,ABC123,-1.2,-1.2,Farenheit,Celsius,GradeTypes.CORRECT,2023-10-01 04:00 PM,f7062259-6b0f-436a-ae1f-88bd60721eab
temperature,ABC123,-1.2,-1.1,Farenheit,Celsius,GradeTypes.INCORRECT,2023-10-01 04:00 PM,6d998f5f-7e69-471f-9b22-78f57faf5421
temperature,ABC123,-1.256,-1.278,Farenheit,Celsius,GradeTypes.CORRECT,2023-10-01 04:00 PM,a6a402f1-5ee5-4ed4-8397-83d08c3b5547
temperature,ABC123,-1.256,-1.1222,Farenheit,Celsius,GradeTypes.INCORRECT,2023-10-01 04:00 PM,8e11f5bb-e58f-4b14-a65b-4a929b8c6ca6
temperature,ABC123,1.2,1.2,Farenheit,dog,GradeTypes.INVALID,2023-10-01 04:00 PM,b0b7c228-45ab-412e-a753-61c7f161d074
temperature,ABC123,1.2,1.2,dog,Celsius,GradeTypes.INVALID,2023-10-01 04:00 PM,63f6a572-29ee-4b34-ba31-75718f610e70
temperature,ABC123,1,0,Farenheit,Celsius,GradeTypes.INCORRECT,2023-10-01 04:00 PM,f5f3d415-c4a7-4260-9d26-35d42422c04d
temperature,ABC123,1.2,1.2,Farenheit,Celsius,GradeTypes.CORRECT,2023-10-01 04:00 PM,2c2cbd06-2323-49a4-8ad1-9cc07e738057
temperature,ABC123,1.2,1.1,Farenheit,Celsius,GradeTypes.INCORRECT,2023-10-01 04:00 PM,38daa87f-cd30-46d0-8190-f2a8748547d0
temperature,ABC123,1.256,1.278,Farenheit,Celsius,GradeTypes.CORRECT,2023-10-01 04:00 PM,035ffb05-a37a-4d13-8d97-c5867881def2
temperature,ABC123,1.256,1.1222,Farenheit,Celsius,GradeTypes.INCORRECT,2023-10-01 04:00 PM,a080658a-aa4c-4b26-9c93-345cf65a75bf
temperature,ABC123,-1.2,-1.2,Farenheit,Celsius,GradeTypes.CORRECT,2023-10-01 04:00 PM,341cc445-6eda-4d1d-b40a-04d96e1771fa
temperature,ABC123,-1.2,-1.1,Farenheit,Celsius,GradeTypes.INCORRECT,2023-10-01 04:00 PM,09e99745-769d-4df9-8067-89079e1e7c7f
temperature,ABC123,-1.256,-1.278,Farenheit,Celsius,GradeTypes.CORRECT,2023-10-01 04:00 PM,4ef5e841-5913-4206-a7cb-9371272cfe31
temperature,ABC123,-1.256,-1.1222,Farenheit,Celsius,GradeTypes.INCORRECT,2023-10-01 04:00 PM,5643d8d6-b782-4dae-97fa-5d73e5dc4ac5
temperature,ABC123,1.2,1.2,Farenheit,dog,GradeTypes.INVALID,2023-10-01 04:00 PM,28a785cc-e2b6-42da-b73b-ac8c00573e6e
temperature,ABC123,1.2,1.2,dog,Celsius,GradeTypes.INVALID,2023-10-01 04:00 PM,254dee88-ac37-4aa7-84f4-fc007593423e
temperature,ABC123,1,0,Farenheit,Celsius,GradeTypes.INCORRECT,2023-10-01 04:00 PM,4d259057-6bd1-4163-b535-8a522ca7ec3e
temperature,ABC123,1.2,1.2,Farenheit,Celsius,GradeTypes.CORRECT,2023-10-01 04:00 PM,b7e4ea6e-d7e4-4660-8bb1-8b0b219512b3
temperature,ABC123,1.2,1.1,Farenheit,Celsius,GradeTypes.INCORRECT,2023-10-01 04:00 PM,afcc4f59-6014-4afb-8709-6625ed0bc27b
temperature,ABC123,1.256,1.278,Farenheit,Celsius,GradeTypes.CORRECT,2023-10-01 04:00 PM,ef377710-3c1f-476c-9137-a65b94ccbad1
temperature,ABC123,1.256,1.1222,Farenheit,Celsius,GradeTypes.INCORRECT,2023-10-01 04:00 PM,45488612-e867-4e51-a327-57d59fe2f556
temperature,ABC123,-1.2,-1.2,Farenheit,Celsius,GradeTypes.CORRECT,2023-10-01 04:00 PM,5ea1a430-cee4-492f-8973-9ec78e328838
temperature,ABC123,-1.2,-1.1,Farenheit,Celsius,GradeTypes.INCORRECT,2023-10-01 04:00 PM,cc602858-2ed1-488e-a79a-c582bc13edda
temperature,ABC123,-1.256,-1.278,Farenheit,Celsius,GradeTypes.CORRECT,2023-10-01 04:00 PM,fb7d863f-89a8-4aaa-b137-64fa651e02b7
temperature,ABC123,-1.256,-1.1222,Farenheit,Celsius,GradeTypes.INCORRECT,2023-10-01 04:00 PM,eb38191e-c0ab-4a95-bb8f-b1a294b13264
temperature,ABC123,1.2,1.2,Farenheit,dog,GradeTypes.INVALID,2023-10-01 04:00 PM,a38f9d37-abc6-4f39-8dde-0addd6d4b5fb
temperature,ABC123,1.2,1.2,dog,Celsius,GradeTypes.INVALID,2023-10-01 04:00 PM,eca1bbff-0ab3-4180-9b25-b9c788c5ad44
temperature,ABC123,1,0,Farenheit,Celsius,GradeTypes.INCORRECT,2023-10-01 04:00 PM,6d283ded-e223-42f7-bb9d-135c8dee42e7
temperature,ABC123,1.2,1.2,Farenheit,Celsius,GradeTypes.CORRECT,2023-10-01 04:00 PM,04835d08-db5c-49bd-a9e7-6e59dff0c1f3
temperature,ABC123,1.2,1.1,Farenheit,Celsius,GradeTypes.INCORRECT,2023-10-01 04:00 PM,73a28265-2140-4b59-8089-2995cc961e83
temperature,ABC123,1.256,1.278,Farenheit,Celsius,GradeTypes.CORRECT,2023-10-01 04:00 PM,32b4e8f4-38ad-49a0-a05c-2f2b8acfe2f0
temperature,ABC123,1.256,1.1222,Farenheit,Celsius,GradeTypes.INCORRECT,2023-10-01 04:00 PM,861c9e0d-4cbc-4d7b-a028-090dcc49b52f
temperature,ABC123,-1.2,-1.2,Farenheit,Celsius,GradeTypes.CORRECT,2023-10-01 04:00 PM,939d1696-2606-401b-a6ad-e8c10ce4a799
temperature,ABC123,-1.2,-1.1,Farenheit,Celsius,GradeTypes.INCORRECT,2023-10-01 04:00 PM,8bb4187d-161d-43ec-a50b-a057aae118d3
temperature,ABC123,-1.256,-1.278,Farenheit,Celsius,GradeTypes.CORRECT,2023-10-01 04:00 PM,d01d8ee1-5739-4925-a00a-14f056d551dd
temperature,ABC123,-1.256,-1.1222,Farenheit,Celsius,GradeTypes.INCORRECT,2023-10-01 04:00 PM,e2c03742-0b36-49be-9321-c96ef381cfd5
temperature,ABC123,1.2,1.2,Farenheit,dog,GradeTypes.INVALID,2023-10-01 04:00 PM,60f0caa5-170c-4c71-89f9-cf364da55981
temperature,ABC123,1.2,1.2,dog,Celsius,GradeTypes.INVALID,2023-10-01 04:00 PM,226b1d96-fcf4-4c5a-9368-92d6e993a0f9
temperature,ABC123,1,0,Farenheit,Celsius,GradeTypes.INCORRECT,2023-10-01 04:00 PM,fbf60981-0b87-4b9e-ba44-6d7d466bf8c5
temperature,ABC123,1.2,1.2,Farenheit,Celsius,GradeTypes.CORRECT,2023-10-01 04:00 PM,f124299d-19d1-4daf-a528-bebd6c4481a3
temperature,ABC123,1.2,1.1,Farenheit,Celsius,GradeTypes.INCORRECT,2023-10-01 04:00 PM,422cef0a-3210-4a28-afc3-d284c9061d1f
temperature,ABC123,1.256,1.278,Farenheit,Celsius,GradeTypes.CORRECT,2023-10-01 04:00 PM,50ddbe39-4e60-4d27-a83c-3bb95cb91008
temperature,ABC123,1.256,1.1222,Farenheit,Celsius,GradeTypes.INCORRECT,2023-10-01 04:00 PM,fb06f38d-8054-4967-91bc-8c9947df3a39
temperature,ABC123,-1.2,-1.2,Farenheit,Celsius,GradeTypes.CORRECT,2023-10-01 04:00 PM,1a081760-9d58-4e79-8b4a-98cb5a0bb239
temperature,ABC123,-1.2,-1.1,Farenheit,Celsius,GradeTypes.INCORRECT,2023-10-01 04:00 PM,4d62d39c-3311-483b-ae6a-c25dd0795892
temperature,ABC123,-1.256,-1.278,Farenheit,Celsius,GradeTypes.CORRECT,2023-10-01 04:00 PM,40a3fa74-00c6-43bd-b62c-fcdbbdc1f2ae
temperature,ABC123,-1.256,-1.1222,Farenheit,Celsius,GradeTypes.INCORRECT,2023-10-01 04:00 PM,8d0d28c3-9b35-4515-87fd-5bbf7d94570f
temperature,ABC123,1.2,1.2,Farenheit,dog,GradeTypes.INVALID,2023-10-01 04:00 PM,24851f35-09e8-4ae3-87af-661b393b7e94
temperature,ABC123,1.2,1.2,dog,Celsius,GradeTypes.INVALID,2023-10-01 04:00 PM,56a1149d-f433-44b4-bb6c-846879c5fdf8
temperature,ABC123,1,0,Farenheit,Celsius,GradeTypes.INCORRECT,2023-10-01 04:00 PM,3befec3c-f5ae-4caa-8fb4-d32619878784
temperature,ABC123,1.2,1.2,Farenheit,Celsius,GradeTypes.CORRECT,2023-10-01 04:00 PM,5ae873d1-2fe7-4631-823d-7cb3d397b4bd
temperature,ABC123,1.2,1.1,Farenheit,Celsius,GradeTypes.INCORRECT,2023-10-01 04:00 PM,6379d29c-c8e4-4678-a5a5-681d10c7627d
temperature,ABC123,1.256,1.278,Farenheit,Celsius,GradeTypes.CORRECT,2023-10-01 04:00 PM,570b05b9-3758-4133-b9c0-efab350eaf4c
temperature,ABC123,1.256,1.1222,Farenheit,Celsius,GradeTypes.INCORRECT,2023-10-01 04:00 PM,7dc1911f-48d4-4759-a636-ff85fc7a18b3
temperature,ABC123,-1.2,-1.2,Farenheit,Celsius,GradeTypes.CORRECT,2023-10-01 04:00 PM,6345b42e-fd09-4653-8f78-1ee355e8f787
temperature,ABC123,-1.2,-1.1,Farenheit,Celsius,GradeTypes.INCORRECT,2023-10-01 04:00 PM,c837e5c0-5f32-4bef-aab5-f19eab89f090
temperature,ABC123,-1.256,-1.278,Farenheit,Celsius,GradeTypes.CORRECT,2023-10-01 04:00 PM,3b847737-5087-4be5-9f06-4546d98d925e
temperature,ABC123,-1.256,-1.1222,Farenheit,Celsius,GradeTypes.INCORRECT,2023-10-01 04:00 PM,c1bb55bd-7f42-415a-a2b4-279debf14a6d
temperature,ABC123,1.2,1.2,Farenheit,dog,GradeTypes.INVALID,2023-10-01 04:00 PM,2d662ff8-a0fa-4190-9ff2-fd2f10a6185f
temperature,ABC123,1.2,1.2,dog,Celsius,GradeTypes.INVALID,2023-10-01 04:00 PM,5a5ad429-47d3-4c14-80de-296883304bf2
temperature,ABC123,1,0,Farenheit,Celsius,GradeTypes.INCORRECT,2023-10-01 04:00 PM,391a5024-c0dd-4596-81a3-b2e492dbe878
temperature,ABC123,1.2,1.2,Farenheit,Celsius,GradeTypes.CORRECT,2023-10-01 04:00 PM,246add20-392a-488c-8bfa-80913952395b
temperature,ABC123,1.2,1.1,Farenheit,Celsius,GradeTypes.INCORRECT,2023-10-01 04:00 PM,86acc912-49d1-4fae-86a0-028f565838e3
temperature,ABC123,1.256,1.278,Farenheit,Celsius,GradeTypes.CORRECT,2023-10-01 04:00 PM,9d8d82e6-32cf-47dc-a6b2-272da9a41dc4
temperature,ABC123,1.256,1.1222,Farenheit,Celsius,GradeTypes.INCORRECT,2023-10-01 04:00 PM,4cf6cbd6-3bb2-4236-8bfa-cd0682d08a4d
temperature,ABC123,3.1499999999999999999,3.1,Farenheit,Celsius,GradeTypes.INCORRECT,2023-10-01 04:00 PM,434d62f5-25b5-4c6f-93fa-56901462b3eb
temperature,ABC123,-1.2,-1.2,Farenheit,Celsius,GradeTypes.CORRECT,2023-10-01 04:00 PM,1a111747-769f-4ec6-8854-0080d5bf5c6a
temperature,ABC123,-1.2,-1.1,Farenheit,Celsius,GradeTypes.INCORRECT,2023-10-01 04:00 PM,77a613f8-dd21-446a-90f8-213777276da5
temperature,ABC123,-1.256,-1.278,Farenheit,Celsius,GradeTypes.CORRECT,2023-10-01 04:00 PM,e678e48e-0487-44fd-b26d-6a765dc61533
temperature,ABC123,-1.256,-1.1222,Farenheit,Celsius,GradeTypes.INCORRECT,2023-10-01 04:00 PM,b2fff377-7861-433e-960f-4cb1bcd251d5
temperature,ABC123,1.2,1.2,Farenheit,dog,GradeTypes.INVALID,2023-10-01 04:00 PM,dc934da5-74ff-44bc-9e98-a87cbff83cfb
temperature,ABC123,1.2,1.2,dog,Celsius,GradeTypes.INVALID,2023-10-01 04:00 PM,931923df-b63c-4f56-8b6e-fabb954733bb
temperature,ABC123,1,0,Farenheit,Celsius,GradeTypes.INCORRECT,2023-10-01 04:00 PM,4d9963a5-f7e9-49b8-80f8-78904814753c
temperature,ABC123,1.2,1.2,Farenheit,Celsius,GradeTypes.CORRECT,2023-10-01 04:00 PM,5f27500c-da8d-436a-bf1a-20cf49860993
temperature,ABC123,1.2,1.1,Farenheit,Celsius,GradeTypes.INCORRECT,2023-10-01 04:00 PM,8c05d32f-fb0c-44d3-9e9f-3753b510f1de
temperature,ABC123,1.256,1.278,Farenheit,Celsius,GradeTypes.CORRECT,2023-10-01 04:00 PM,a28f5853-ed83-4c99-bc66-c7dbe2159581
temperature,ABC123,1.256,1.1222,Farenheit,Celsius,GradeTypes.INCORRECT,2023-10-01 04:00 PM,f85c33ee-e33c-49f9-ba57-fab5bac54148
temperature,ABC123,3.1499999999999999999,3.1,Farenheit,Celsius,GradeTypes.CORRECT,2023-10-01 04:00 PM,e821b55d-8293-4352-8377-6339871703a3
temperature,ABC123,-1.2,-1.2,Farenheit,Celsius,GradeTypes.CORRECT,2023-10-01 04:00 PM,6d2b20c5-7855-42ec-8994-8549f4e33aa7
temperature,ABC123,-1.2,-1.1,Farenheit,Celsius,GradeTypes.INCORRECT,2023-10-01 04:00 PM,6c58d2aa-376d-44c4-b92d-a44ac953e00f
temperature,ABC123,-1.256,-1.278,Farenheit,Celsius,GradeTypes.CORRECT,2023-10-01 04:00 PM,52c5dc8b-b5b3-4e91-81f6-978a60a528ea
temperature,ABC123,-1.256,-1.1222,Farenheit,Celsius,GradeTypes.INCORRECT,2023-10-01 04:00 PM,f575b2eb-eb0e-45a9-8b16-323931858244
temperature,ABC123,1.2,1.2,Farenheit,dog,GradeTypes.INVALID,2023-10-01 04:00 PM,8583f2aa-7d54-4483-b0a1-b39727113245
temperature,ABC123,1.2,1.2,dog,Celsius,GradeTypes.INVALID,2023-10-01 04:00 PM,0995e6c1-a0d7-4569-bf64-88acc3d81bce
temperature,ABC123,3.1499999999999999999,3.1,Farenheit,Celsius,GradeTypes.CORRECT,2023-10-01 04:00 PM,ae9bada8-eaec-4439-a542-c0acdc46b8c9
temperature,ABC123,3.1499999999999999999,3.1,Farenheit,Celsius,GradeTypes.INCORRECT,2023-10-01 04:00 PM,de9de318-0574-4f15-bf21-60fa19e893de
temperature,ABC123,3.1499999999999999999,3.1,Farenheit,Celsius,GradeTypes.CORRECT,2023-10-01 04:00 PM,d4aa8541-be22-4e40-93ce-b5064c65ce65
temperature,ABC123,3.1499999999999999999,3.1,Farenheit,Celsius,GradeTypes.CORRECT,2023-10-01 04:00 PM,345a1b66-d8c4-4673-b9a5-be3f49485d94
temperature,ABC123,3.1499999999999999999,3.1,Farenheit,Celsius,GradeTypes.INCORRECT,2023-10-01 04:00 PM,c38934b2-a68b-4b25-b6d1-11ff88ac782a
temperature,ABC123,3.1499999999999999999,3.2,Farenheit,Celsius,GradeTypes.INCORRECT,2023-10-01 04:00 PM,0e7fcaba-a4b4-4140-81ad-4d3ae57521c9
temperature,ABC123,3.1499999999999999999,3.2,Farenheit,Celsius,GradeTypes.INCORRECT,2023-10-01 04:00 PM,21f658d3-7112-489a-9387-de3c9f79be18
temperature,ABC123,3.1499999999999999999,3.2,Farenheit,Celsius,GradeTypes.INCORRECT,2023-10-01 04:00 PM,a1ca6a81-7a69-470d-bb20-438ca7899c54
temperature,ABC123,3.1499999999999999999,3.2,Farenheit,Celsius,GradeTypes.INCORRECT,2023-10-01 04:00 PM,1af076f7-c920-41ba-8de3-66f92542931b
temperature,ABC123,3.1499999999999999999,3.2,Farenheit,Celsius,GradeTypes.INCORRECT,2023-10-01 04:00 PM,57fac329-882a-448c-8fba-cff514d98f94
temperature,ABC123,3.1499999999999999999,3.2,Farenheit,Celsius,GradeTypes.INCORRECT,2023-10-01 04:00 PM,5b7700a5-bf1e-4055-a867-e65d1baf101b
temperature,ABC123,3.1499999999999999999,3.2,Farenheit,Celsius,GradeTypes.INCORRECT,2023-10-01 04:00 PM,b2f5904f-2986-49b5-9637-93121df56dc8
temperature,ABC123,3.1499999999999999999,3.2,Farenheit,Celsius,GradeTypes.INCORRECT,2023-10-01 04:00 PM,0ff6a8ff-ee2a-4a9f-a631-f47f0b069f28
temperature,ABC123,3.1499999999999999999,3.2,Farenheit,Celsius,GradeTypes.INCORRECT,2023-10-01 04:00 PM,c547427a-af2a-4455-ba8f-7d5c19310de9
temperature,ABC123,3.1499999999999999999,3.2,Farenheit,Celsius,GradeTypes.INCORRECT,2023-10-01 04:00 PM,502c247c-b2fb-4047-8c64-ff5816f4436f
temperature,ABC123,3.1499999999999999999,3.2,Farenheit,Celsius,GradeTypes.INCORRECT,2023-10-01 04:00 PM,4dad4952-dcfe-4c44-b70e-daab83a3029e
temperature,ABC123,1,0,Farenheit,Celsius,GradeTypes.INCORRECT,2023-10-01 04:00 PM,97a299d4-4564-453b-b558-36ced4efb029
temperature,ABC123,1.2,1.2,Farenheit,Celsius,GradeTypes.INCORRECT,2023-10-01 04:00 PM,edaac4a8-3b03-4580-9364-94bad8118d32
temperature,ABC123,1.2,1.1,Farenheit,Celsius,GradeTypes.INCORRECT,2023-10-01 04:00 PM,1ea0f558-e54a-473a-a972-9feb9d3203cf
temperature,ABC123,1.256,1.278,Farenheit,Celsius,GradeTypes.INCORRECT,2023-10-01 04:00 PM,7384d531-1de1-41ac-8f89-5fd831854177
temperature,ABC123,1.256,1.1222,Farenheit,Celsius,GradeTypes.INCORRECT,2023-10-01 04:00 PM,ccf44fb5-b0e3-48b3-92fb-ce4b5b0afe38
temperature,ABC123,3.1499999999999999999,3.2,Farenheit,Celsius,GradeTypes.INCORRECT,2023-10-01 04:00 PM,bad0b43c-a2b2-4566-851e-3f50c64305e0
temperature,ABC123,-1.2,-1.2,Farenheit,Celsius,GradeTypes.INCORRECT,2023-10-01 04:00 PM,6d2373aa-0aff-4b97-93d3-d917e622ded0
temperature,ABC123,-1.2,-1.1,Farenheit,Celsius,GradeTypes.INCORRECT,2023-10-01 04:00 PM,0b220047-6f73-4a64-a011-714f868c8c6b
temperature,ABC123,-1.256,-1.278,Farenheit,Celsius,GradeTypes.INCORRECT,2023-10-01 04:00 PM,19012bb3-4f5e-44f0-9d21-402469c29c29
temperature,ABC123,-1.256,-1.1222,Farenheit,Celsius,GradeTypes.INCORRECT,2023-10-01 04:00 PM,389b6448-6829-4360-bad5-91066e459ab6
temperature,ABC123,1.2,1.2,Farenheit,dog,GradeTypes.INVALID,2023-10-01 04:00 PM,ffaabe84-0e50-4f36-8e7f-21e0a37f2b5e
temperature,ABC123,1.2,1.2,dog,Celsius,GradeTypes.INVALID,2023-10-01 04:00 PM,486950f0-ef1f-4c00-a4c8-f12c9bbb0e5b
temperature,ABC123,1,0,Farenheit,Celsius,GradeTypes.INCORRECT,2023-10-01 04:00 PM,9b95f8db-8e5b-4ed0-b769-529796570e9f
temperature,ABC123,1.2,1.2,Farenheit,Celsius,GradeTypes.INCORRECT,2023-10-01 04:00 PM,8658b39f-027c-41f4-80e6-97e75c26bfa7
temperature,ABC123,1.2,1.1,Farenheit,Celsius,GradeTypes.INCORRECT,2023-10-01 04:00 PM,d4c07cce-8cac-49ed-a37c-9799d211e522
temperature,ABC123,1.256,1.278,Farenheit,Celsius,GradeTypes.INCORRECT,2023-10-01 04:00 PM,9bc90e87-1389-4475-8618-284385cdef90
temperature,ABC123,1.256,1.1222,Farenheit,Celsius,GradeTypes.INCORRECT,2023-10-01 04:00 PM,a8db0f8c-8cd2-4a3f-b1b1-47c0361b807f
temperature,ABC123,3.1499999999999999999,3.2,Farenheit,Celsius,GradeTypes.INCORRECT,2023-10-01 04:00 PM,5f699929-a20f-471d-8441-64171d24b7cf
temperature,ABC123,-1.2,-1.2,Farenheit,Celsius,GradeTypes.INCORRECT,2023-10-01 04:00 PM,44b1f34e-c489-44c5-ac09-9c9471b1190e
temperature,ABC123,-1.2,-1.1,Farenheit,Celsius,GradeTypes.INCORRECT,2023-10-01 04:00 PM,f97d167e-ba6d-44f7-8fda-81db81bb11b1
temperature,ABC123,-1.256,-1.278,Farenheit,Celsius,GradeTypes.INCORRECT,2023-10-01 04:00 PM,fc8202cf-545e-4517-bc47-63ef2cd00cdf
temperature,ABC123,-1.256,-1.1222,Farenheit,Celsius,GradeTypes.INCORRECT,2023-10-01 04:00 PM,d5df8840-ee3e-4090-b83d-c4defbfe71b6
temperature,ABC123,1.2,1.2,Farenheit,dog,GradeTypes.INVALID,2023-10-01 04:00 PM,44f22800-19d2-4c6a-bad9-4777caf0f18b
temperature,ABC123,1.2,1.2,dog,Celsius,GradeTypes.INVALID,2023-10-01 04:00 PM,10b3b2c6-08b2-4a69-b4bf-03bf33ebb3bc
temperature,ABC123,1,0,Farenheit,Celsius,GradeTypes.INCORRECT,2023-10-01 04:00 PM,c0673e28-1f0a-4202-a37a-89f38e4db812
temperature,ABC123,0,32,Farenheit,Celsius,GradeTypes.INCORRECT,2023-10-01 04:00 PM,0f85338e-594d-47db-bf43-cc245de044a1
temperature,ABC123,1.2,1.1,Farenheit,Celsius,GradeTypes.INCORRECT,2023-10-01 04:00 PM,20d633be-e159-4505-be78-6f1757a33aa4
temperature,ABC123,1.256,1.278,Farenheit,Celsius,GradeTypes.INCORRECT,2023-10-01 04:00 PM,4b972b4a-96b1-4bed-adb2-8608fd26f7b7
temperature,ABC123,1.256,1.1222,Farenheit,Celsius,GradeTypes.INCORRECT,2023-10-01 04:00 PM,4181cfa4-bdbc-4ede-a867-9b06290c1b50
temperature,ABC123,3.1499999999999999999,3.2,Farenheit,Celsius,GradeTypes.INCORRECT,2023-10-01 04:00 PM,a7501d00-5ec0-4daa-aeab-a4f312534f33
temperature,ABC123,-1.2,-1.2,Farenheit,Celsius,GradeTypes.INCORRECT,2023-10-01 04:00 PM,289c2a39-96e3-43e9-977c-1ac9c2be2481
temperature,ABC123,-1.2,-1.1,Farenheit,Celsius,GradeTypes.INCORRECT,2023-10-01 04:00 PM,8ceafe2a-a038-467f-81cc-31f2b65daed2
temperature,ABC123,-1.256,-1.278,Farenheit,Celsius,GradeTypes.INCORRECT,2023-10-01 04:00 PM,5f9e9206-23dc-45be-beb7-c4a7c85606b9
temperature,ABC123,-1.256,-1.1222,Farenheit,Celsius,GradeTypes.INCORRECT,2023-10-01 04:00 PM,08d79c0a-4409-4e59-9e0f-d07c391fdf75
temperature,ABC123,1.2,1.2,Farenheit,dog,GradeTypes.INVALID,2023-10-01 04:00 PM,ab82341f-1c82-4987-8095-4851387398ee
temperature,ABC123,1.2,1.2,dog,Celsius,GradeTypes.INVALID,2023-10-01 04:00 PM,5d076f73-608b-4d40-aeee-6c0c329210b7
temperature,ABC123,0,32,Farenheit,Celsius,GradeTypes.INCORRECT,2023-10-01 04:00 PM,d82ca156-61a6-4638-aff6-a334b8dddd31
temperature,ABC123,0,32,Farenheit,Celsius,GradeTypes.INCORRECT,2023-10-01 04:00 PM,b8cc236a-5fcb-4981-95df-a4b59178c4b6
temperature,ABC123,0,32,Farenheit,Celsius,GradeTypes.INCORRECT,2023-10-01 04:00 PM,1e7f8895-8144-4d67-ba17-a58ba322a0f5
temperature,ABC123,32,0,Farenheit,Celsius,GradeTypes.INCORRECT,2023-10-01 04:00 PM,75382048-5202-4a4b-92df-3dd70bdb772c
temperature,ABC123,32,0,Farenheit,Celsius,GradeTypes.INCORRECT,2023-10-01 04:00 PM,e10a84e2-8b73-4df6-be62-6e2402deb2af
temperature,ABC123,32,0,Farenheit,Celsius,GradeTypes.CORRECT,2023-10-01 04:00 PM,a33a7d55-58d1-41b1-a20c-48f46c91b723
temperature,ABC123,1,0,Farenheit,Celsius,GradeTypes.INCORRECT,2023-10-01 04:00 PM,1db126c7-906b-4bf0-87ae-de10ee57c89a
temperature,ABC123,32,0,Farenheit,Celsius,GradeTypes.CORRECT,2023-10-01 04:00 PM,8a775f7e-8c8d-4b48-9707-4ce6d6afc3e9
temperature,ABC123,1.2,1.1,Farenheit,Celsius,GradeTypes.INCORRECT,2023-10-01 04:00 PM,08f353ce-c927-4354-ba84-142558f269b8
temperature,ABC123,1.256,1.278,Farenheit,Celsius,GradeTypes.INCORRECT,2023-10-01 04:00 PM,b0652de3-7e1b-4030-ae4c-9482d9db138a
temperature,ABC123,1.256,1.1222,Farenheit,Celsius,GradeTypes.INCORRECT,2023-10-01 04:00 PM,7d5ca4df-31c9-46db-b02c-1e00642dae9c
temperature,ABC123,3.1499999999999999999,3.2,Farenheit,Celsius,GradeTypes.INCORRECT,2023-10-01 04:00 PM,569e6296-f731-46ba-8c67-ec7590f9d579
temperature,ABC123,-1.2,-1.2,Farenheit,Celsius,GradeTypes.INCORRECT,2023-10-01 04:00 PM,ab6ed015-7c23-416a-b374-485467b2c637
temperature,ABC123,-1.2,-1.1,Farenheit,Celsius,GradeTypes.INCORRECT,2023-10-01 04:00 PM,390cd5d7-ef76-4a35-af96-712cf7c5a097
temperature,ABC123,-1.256,-1.278,Farenheit,Celsius,GradeTypes.INCORRECT,2023-10-01 04:00 PM,072f78a0-e921-4145-ae9e-000e491359f7
temperature,ABC123,-1.256,-1.1222,Farenheit,Celsius,GradeTypes.INCORRECT,2023-10-01 04:00 PM,a051ea82-8c17-40de-b924-1f9328586e56
temperature,ABC123,1.2,1.2,Farenheit,dog,GradeTypes.INVALID,2023-10-01 04:00 PM,7610bc28-151e-4e8c-be45-c7db48086273
temperature,ABC123,1.2,1.2,dog,Celsius,GradeTypes.INVALID,2023-10-01 04:00 PM,289f0ebd-90ca-4390-bc4c-79266ab3547a
temperature,ABC123,1,0,Farenheit,Celsius,GradeTypes.INCORRECT,2023-10-01 04:00 PM,129c4081-7c03-4a2c-87ea-8122bc82dba8
temperature,ABC123,32,0,Farenheit,Celsius,GradeTypes.CORRECT,2023-10-01 04:00 PM,b4edd894-d1ff-45e4-bec5-626c2c369172
temperature,ABC123,1.2,1.1,Farenheit,Celsius,GradeTypes.INCORRECT,2023-10-01 04:00 PM,cbbd6505-14f6-44b1-a9a5-277aa9bc726d
temperature,ABC123,1.256,-17.08,Farenheit,Celsius,GradeTypes.CORRECT,2023-10-01 04:00 PM,2cba4679-9983-48c1-adf6-4d3a2b7e2c34
temperature,ABC123,1.256,-17.077,Farenheit,Celsius,GradeTypes.CORRECT,2023-10-01 04:00 PM,ddeb1f45-f1b4-4e3e-855a-66ac2277b263
temperature,ABC123,1.256222,-17.075,Farenheit,Celsius,GradeTypes.CORRECT,2023-10-01 04:00 PM,06a6c7e9-43ed-4bb6-a0f6-040fec4df37a
temperature,ABC123,1.256222,-17.075,Farenheit,Celsius,GradeTypes.CORRECT,2023-10-01 04:00 PM,6f33e0d9-e4c7-440b-9b65-642da08c2782
temperature,ABC123,1.256,1.1222,Farenheit,Celsius,GradeTypes.INCORRECT,2023-10-01 04:00 PM,8de65994-7578-4952-bd49-b68f61883349
temperature,ABC123,3.1499999999999999999,3.2,Farenheit,Celsius,GradeTypes.INCORRECT,2023-10-01 04:00 PM,a46ebcaf-8aa2-4e8b-a2b1-0002891c668b
temperature,ABC123,-1.2,-1.2,Farenheit,Celsius,GradeTypes.INCORRECT,2023-10-01 04:00 PM,08cd74f8-b434-49b1-8a53-21724e912e24
temperature,ABC123,-1.2,-1.1,Farenheit,Celsius,GradeTypes.INCORRECT,2023-10-01 04:00 PM,dfe2c13e-fe81-48b1-86fb-713786058997
temperature,ABC123,-1.256,-1.278,Farenheit,Celsius,GradeTypes.INCORRECT,2023-10-01 04:00 PM,57774da7-fbfa-4792-b06e-f13a415a0476
temperature,ABC123,-1.256,-1.1222,Farenheit,Celsius,GradeTypes.INCORRECT,2023-10-01 04:00 PM,8e10d29c-9598-4e4d-aeb0-646c7d6488a9
temperature,ABC123,1.2,1.2,Farenheit,dog,GradeTypes.INVALID,2023-10-01 04:00 PM,29e50117-7f26-4492-aa1a-85abcc00e4f0
temperature,ABC123,1.2,1.2,dog,Celsius,GradeTypes.INVALID,2023-10-01 04:00 PM,600695dd-cd98-4f9f-8df2-7277aa51480c
temperature,ABC123,1,0,Farenheit,Celsius,GradeTypes.INCORRECT,2023-10-01 04:00 PM,eb1ac12c-5295-4b17-9648-c0545e2c7c19
temperature,ABC123,32,0,Farenheit,Celsius,GradeTypes.CORRECT,2023-10-01 04:00 PM,8e661c8e-815f-44eb-874d-ed0e74a67545
temperature,ABC123,1.2,1.1,Farenheit,Celsius,GradeTypes.INCORRECT,2023-10-01 04:00 PM,a3a01539-b08e-4da3-8a08-09bcac8780c6
temperature,ABC123,1.256,-17.08,Farenheit,Celsius,GradeTypes.CORRECT,2023-10-01 04:00 PM,d58e9ff3-b11d-43a5-94fe-73d561e8a8b4
temperature,ABC123,1.256,-17.077,Farenheit,Celsius,GradeTypes.CORRECT,2023-10-01 04:00 PM,6dff8f3a-e8d5-4415-932f-e4ab22cb23a1
temperature,ABC123,1.256222,-17.075,Farenheit,Celsius,GradeTypes.CORRECT,2023-10-01 04:00 PM,69654e83-5a52-4efd-bd38-972903a44ce1
temperature,ABC123,1.2565,-17.076,Farenheit,Celsius,GradeTypes.CORRECT,2023-10-01 04:00 PM,8dd95572-b722-4fa3-b02e-df8fdb5061e8
temperature,ABC123,1.256,1.1222,Farenheit,Celsius,GradeTypes.INCORRECT,2023-10-01 04:00 PM,c945dd65-fc87-451b-825b-b022b9140c4e
temperature,ABC123,3.1499999999999999999,3.2,Farenheit,Celsius,GradeTypes.INCORRECT,2023-10-01 04:00 PM,25678d83-3efe-4d9f-ad35-4d9607d68727
temperature,ABC123,-1.2,-1.2,Farenheit,Celsius,GradeTypes.INCORRECT,2023-10-01 04:00 PM,29f35cbb-9ef9-4cb7-8cd2-b95f18dd685f
temperature,ABC123,-1.2,-1.1,Farenheit,Celsius,GradeTypes.INCORRECT,2023-10-01 04:00 PM,a9078a2d-6cb8-4cd1-81e5-8c6c6222cb21
temperature,ABC123,-1.256,-1.278,Farenheit,Celsius,GradeTypes.INCORRECT,2023-10-01 04:00 PM,8b5423b5-596c-43e7-842c-2cbf7e66ab4b
temperature,ABC123,-1.256,-1.1222,Farenheit,Celsius,GradeTypes.INCORRECT,2023-10-01 04:00 PM,da6d8efa-aabf-4df7-9274-1b3f757dea09
temperature,ABC123,1.2,1.2,Farenheit,dog,GradeTypes.INVALID,2023-10-01 04:00 PM,191523f8-a59d-406b-aa88-d7712772893d
temperature,ABC123,1.2,1.2,dog,Celsius,GradeTypes.INVALID,2023-10-01 04:00 PM,c03ab5c4-87c9-4ba3-a444-109311afb96d
temperature,ABC123,1.2565,-17.076,Farenheit,Celsius,GradeTypes.CORRECT,2023-10-01 04:00 PM,37d0f780-3524-46a4-8b1c-241539cc071d
temperature,ABC123,0,1,Farenheit,Celsius,GradeTypes.INCORRECT,2023-10-01 04:00 PM,9eb5c760-e6ec-41cc-badd-9255b75cb0cb
temperature,ABC123,0,32,Farenheit,Celsius,GradeTypes.INCORRECT,2023-10-01 04:00 PM,af66656e-56b9-48e5-85d3-1ca8bee3914b
temperature,ABC123,1.1,1.2,Farenheit,Celsius,GradeTypes.INCORRECT,2023-10-01 04:00 PM,3c0510cf-b203-4a00-b753-787904ffb3ba
temperature,ABC123,-17.08,1.256,Farenheit,Celsius,GradeTypes.INCORRECT,2023-10-01 04:00 PM,70d915d2-9567-4b3e-81e3-d52efcd58c7a
temperature,ABC123,-17.077,1.256,Farenheit,Celsius,GradeTypes.INCORRECT,2023-10-01 04:00 PM,30c49ed7-0463-4755-aede-abafa5e3cfda
temperature,ABC123,-17.075,1.256222,Farenheit,Celsius,GradeTypes.INCORRECT,2023-10-01 04:00 PM,8746d30f-66b8-4eb6-8fa7-8825b51fbfe4
temperature,ABC123,-17.076,1.2565,Farenheit,Celsius,GradeTypes.INCORRECT,2023-10-01 04:00 PM,02e82a17-2d17-4773-990d-5ed7cf077c5f
temperature,ABC123,1.1222,1.256,Farenheit,Celsius,GradeTypes.INCORRECT,2023-10-01 04:00 PM,f91f0a46-102d-4f99-8b6f-679c22ce48c3
temperature,ABC123,3.2,3.1499999999999999999,Farenheit,Celsius,GradeTypes.INCORRECT,2023-10-01 04:00 PM,64d651fd-e0c0-4a84-86e6-e697e4a7de35
temperature,ABC123,-1.2,-1.2,Farenheit,Celsius,GradeTypes.INCORRECT,2023-10-01 04:00 PM,8ddc337f-1018-4a2d-8e00-8e92f0c35988
temperature,ABC123,-1.1,-1.2,Farenheit,Celsius,GradeTypes.INCORRECT,2023-10-01 04:00 PM,14de1e12-e052-4118-9878-fcd6f38015e4
temperature,ABC123,-1.278,-1.256,Farenheit,Celsius,GradeTypes.INCORRECT,2023-10-01 04:00 PM,8100210d-5e71-43f7-aa5e-73914cad84f4
temperature,ABC123,-1.1222,-1.256,Farenheit,Celsius,GradeTypes.INCORRECT,2023-10-01 04:00 PM,97f4977e-3a6b-4409-9677-fd9e8f4c2cad
temperature,ABC123,1.2,1.2,Farenheit,dog,GradeTypes.INVALID,2023-10-01 04:00 PM,d95a4c46-004e-4b84-b300-9050b61eb588
temperature,ABC123,1.2,1.2,dog,Celsius,GradeTypes.INVALID,2023-10-01 04:00 PM,2e0720f0-8183-4f82-9c60-3ff1d7be58cb
temperature,ABC123,0,1,Farenheit,Celsius,GradeTypes.INCORRECT,2023-10-01 04:00 PM,8b26444d-5f49-4176-83ff-7b8f6c3ee72c
temperature,ABC123,0,32,Farenheit,Celsius,GradeTypes.CORRECT,2023-10-01 04:00 PM,15fea887-0b39-4096-97fe-2e31506afad6
temperature,ABC123,1.1,1.2,Farenheit,Celsius,GradeTypes.INCORRECT,2023-10-01 04:00 PM,5336a99d-ab46-453a-8407-6146e982985f
temperature,ABC123,-17.08,1.256,Farenheit,Celsius,GradeTypes.CORRECT,2023-10-01 04:00 PM,12787e3d-0e57-4139-a17d-5d227391f663
temperature,ABC123,-17.077,1.256,Farenheit,Celsius,GradeTypes.CORRECT,2023-10-01 04:00 PM,d1016743-3f78-4744-9ffe-021d871eae97
temperature,ABC123,-17.075,1.256222,Farenheit,Celsius,GradeTypes.CORRECT,2023-10-01 04:00 PM,81a35170-1f9d-4e67-82ec-d476b263ee6a
temperature,ABC123,-17.076,1.2565,Farenheit,Celsius,GradeTypes.CORRECT,2023-10-01 04:00 PM,ac609eee-250c-420d-8f4f-618f908869a2
temperature,ABC123,1.1222,1.256,Farenheit,Celsius,GradeTypes.INCORRECT,2023-10-01 04:00 PM,69c150f9-efe7-4394-98d3-826cf8a87b97
temperature,ABC123,3.2,3.1499999999999999999,Farenheit,Celsius,GradeTypes.INCORRECT,2023-10-01 04:00 PM,c40ce32c-476a-419d-89d4-f8494ad12394
temperature,ABC123,-1.2,-1.2,Farenheit,Celsius,GradeTypes.INCORRECT,2023-10-01 04:00 PM,095779e4-fbe1-4f06-9cf4-f3e7fa2d29d4
temperature,ABC123,-1.1,-1.2,Farenheit,Celsius,GradeTypes.INCORRECT,2023-10-01 04:00 PM,d30ef6b1-fb48-442e-acde-47b5a96c446e
temperature,ABC123,-1.278,-1.256,Farenheit,Celsius,GradeTypes.INCORRECT,2023-10-01 04:00 PM,02d9ae3d-554a-4b11-9468-789d5ff42522
temperature,ABC123,-1.1222,-1.256,Farenheit,Celsius,GradeTypes.INCORRECT,2023-10-01 04:00 PM,1f5972d2-467a-4b4a-be0f-6c472bc41552
temperature,ABC123,1.2,1.2,Farenheit,dog,GradeTypes.INVALID,2023-10-01 04:00 PM,8d511bff-ddcb-4b15-a9a0-9084f60ec68e
temperature,ABC123,1.2,1.2,dog,Celsius,GradeTypes.INVALID,2023-10-01 04:00 PM,a988d650-a094-43c6-9750-1a22da01e76d
temperature,ABC123,-17.076,1.2565,Farenheit,Celsius,GradeTypes.CORRECT,2023-10-01 04:00 PM,541d449d-3974-4c28-801d-edd41203f708
temperature,ABC123,-17.076,1.2565,Farenheit,Celsius,GradeTypes.CORRECT,2023-10-01 04:00 PM,5fd2a3fe-9771-4518-8808-3474dd8b11a0
temperature,ABC123,1.1222,1.256,Farenheit,Celsius,GradeTypes.INCORRECT,2023-10-01 04:00 PM,612e28f7-076b-4bdb-8cc8-74d2ba620387
temperature,ABC123,-18.44444,-1.2,Farenheit,Celsius,GradeTypes.CORRECT,2023-10-01 04:00 PM,b586a200-a6da-4fab-a02b-d00c488bc7ff
temperature,ABC123,-18.4755,-1.256,Farenheit,Celsius,GradeTypes.CORRECT,2023-10-01 04:00 PM,5633c58c-7310-49f0-84bf-9cf317a8f0e0
